Sr. No.,Symbol,Company Name
1,RELIANCE,Reliance Industries Limited
2,TCS,Tata Consultancy Services Limited
3,HDFCBANK,HDFC Bank Limited
4,ICICIBANK,ICICI Bank Limited
5,HINDUNILVR,Hindustan Unilever Limited
6,INFY,Infosys Limited
7,HDFC,Housing Development Finance Corporation Limited
8,ITC,ITC Limited
9,SBIN,State Bank of India
10,BHARTIARTL,Bharti Airtel Limited
11,KOTAKBANK,Kotak Mahindra Bank Limited
12,BAJFINANCE,Bajaj Finance Limited
13,LICI,Life Insurance Corporation Of India
14,LT,Larsen & Toubro Limited
15,HCLTECH,HCL Technologies Limited
16,ASIANPAINT,Asian Paints Limited
17,AXISBANK,Axis Bank Limited
18,MARUTI,Maruti Suzuki India Limited
19,SUNPHARMA,Sun Pharmaceutical Industries Limited
20,TITAN,Titan Company Limited
21,DMART,Avenue Supermarts Limited
22,ULTRACEMCO,UltraTech Cement Limited
23,BAJAJFINSV,Bajaj Finserv Limited
24,WIPRO,Wipro Limited
25,ADANIENT,Adani Enterprises Limited
26,ONGC,Oil & Natural Gas Corporation Limited
27,NTPC,NTPC Limited
28,JSWSTEEL,JSW Steel Limited
29,POWERGRID,Power Grid Corporation of India Limited
30,M&M,Mahindra & Mahindra Limited
31,LTIM,LTIMindtree Limited
32,TATAMOTORS,Tata Motors Limited
33,ADANIGREEN,Adani Green Energy Limited
34,ADANIPORTS,Adani Ports and Special Economic Zone Limited
35,COALINDIA,Coal India Limited
36,TATASTEEL,Tata Steel Limited
37,HINDZINC,Hindustan Zinc Limited
38,PIDILITIND,Pidilite Industries Limited
39,SIEMENS,Siemens Limited
40,ADANITRANS,Adani Transmission Limited
41,SBILIFE,SBI Life Insurance Company Limited
42,IOC,Indian Oil Corporation Limited
43,BAJAJ-AUTO,Bajaj Auto Limited
44,GRASIM,Grasim Industries Limited
45,TECHM,Tech Mahindra Limited
46,HDFCLIFE,HDFC Life Insurance Company Limited
47,BRITANNIA,Britannia Industries Limited
48,VEDL,Vedanta Limited
49,GODREJCP,Godrej Consumer Products Limited
50,DABUR,Dabur India Limited
51,ATGL,Adani Total Gas Limited
52,SHREECEM,SHREE CEMENT LIMITED
53,HAL,Hindustan Aeronautics Limited
54,HINDALCO,Hindalco Industries Limited
55,VBL,Varun Beverages Limited
56,DLF,DLF Limited
57,BANKBARODA,Bank of Baroda
58,INDUSINDBK,IndusInd Bank Limited
59,EICHERMOT,Eicher Motors Limited
60,DRREDDY,Dr. Reddy's Laboratories Limited
61,DIVISLAB,Divi's Laboratories Limited
62,BPCL,Bharat Petroleum Corporation Limited
63,HAVELLS,Havells India Limited
64,ADANIPOWER,Adani Power Limited
65,INDIGO,InterGlobe Aviation Limited
66,CIPLA,Cipla Limited
67,AMBUJACEM,Ambuja Cements Limited
68,SRF,SRF Limited
69,ABB,ABB India Limited
70,BEL,Bharat Electronics Limited
71,SBICARD,SBI Cards and Payment Services Limited
72,GAIL,GAIL (India) Limited
73,BAJAJHLDNG,Bajaj Holdings & Investment Limited
74,TATACONSUM,TATA CONSUMER PRODUCTS LIMITED
75,ICICIPRULI,ICICI Prudential Life Insurance Company Limited
76,CHOLAFIN,Cholamandalam Investment and Finance Company Limited
77,MARICO,Marico Limited
78,APOLLOHOSP,Apollo Hospitals Enterprise Limited
79,TATAPOWER,Tata Power Company Limited
80,BOSCHLTD,Bosch Limited
81,BERGEPAINT,Berger Paints (I) Limited
82,JINDALSTEL,Jindal Steel & Power Limited
83,MCDOWELL-N,United Spirits Limited
84,UPL,UPL Limited
85,AWL,Adani Wilmar Limited
86,ICICIGI,ICICI Lombard General Insurance Company Limited
87,TORNTPHARM,Torrent Pharmaceuticals Limited
88,CANBK,Canara Bank
89,PNB,Punjab National Bank
90,TVSMOTOR,TVS Motor Company Limited
91,ZYDUSLIFE,Zydus Lifesciences Limited
92,TIINDIA,Tube Investments of India Limited
93,TRENT,Trent Limited
94,IDBI,IDBI Bank Limited
95,NAUKRI,Info Edge (India) Limited
96,SHRIRAMFIN,Shriram Finance Limited
97,HEROMOTOCO,Hero MotoCorp Limited
98,INDHOTEL,The Indian Hotels Company Limited
99,PIIND,PI Industries Limited
100,IRCTC,Indian Railway Catering And Tourism Corporation Limited
101,CGPOWER,CG Power and Industrial Solutions Limited
102,UNIONBANK,Union Bank of India
103,MOTHERSON,Samvardhana Motherson International Limited
104,CUMMINSIND,Cummins India Limited
105,SCHAEFFLER,Schaeffler India Limited
106,LODHA,Macrotech Developers Limited
107,ZOMATO,Zomato Limited
108,PGHH,Procter & Gamble Hygiene and Health Care Limited
109,YESBANK,Yes Bank Limited
110,POLYCAB,Polycab India Limited
111,MAXHEALTH,Max Healthcare Institute Limited
112,IOB,Indian Overseas Bank
113,PAGEIND,Page Industries Limited
114,COLPAL,Colgate Palmolive (India) Limited
115,ASHOKLEY,Ashok Leyland Limited
116,ALKEM,Alkem Laboratories Limited
117,NHPC,NHPC Limited
118,PAYTM,One 97 Communications Limited
119,PFC,Power Finance Corporation Limited
120,JSWENERGY,JSW Energy Limited
121,MUTHOOTFIN,Muthoot Finance Limited
122,AUBANK,AU Small Finance Bank Limited
123,INDUSTOWER,Indus Towers Limited
124,BALKRISIND,Balkrishna Industries Limited
125,UBL,United Breweries Limited
126,ABCAPITAL,Aditya Birla Capital Limited
127,TATAELXSI,Tata Elxsi Limited
128,DALBHARAT,Dalmia Bharat Limited
129,HDFCAMC,HDFC Asset Management Company Limited
130,INDIANB,Indian Bank
131,ASTRAL,Astral Limited
132,BHARATFORG,Bharat Forge Limited
133,LTTS,L&T Technology Services Limited
134,MRF,MRF Limited
135,TATACOMM,Tata Communications Limited
136,NYKAA,FSN E-Commerce Ventures Limited
137,CONCOR,Container Corporation of India Limited
138,PERSISTENT,Persistent Systems Limited
139,PATANJALI,Patanjali Foods Limited
140,IRFC,Indian Railway Finance Corporation Limited
141,LINDEINDIA,Linde India Limited
142,IDFCFIRSTB,IDFC First Bank Limited
143,PETRONET,Petronet LNG Limited
144,SOLARINDS,Solar Industries India Limited
145,SAIL,Steel Authority of India Limited
146,MPHASIS,MphasiS Limited
147,HINDPETRO,Hindustan Petroleum Corporation Limited
148,APLAPOLLO,APL Apollo Tubes Limited
149,FLUOROCHEM,Gujarat Fluorochemicals Limited
150,NMDC,NMDC Limited
151,HONAUT,Honeywell Automation India Limited
152,SUPREMEIND,Supreme Industries Limited
153,GUJGASLTD,Gujarat Gas Limited
154,BANDHANBNK,Bandhan Bank Limited
155,ACC,ACC Limited
156,OBEROIRLTY,Oberoi Realty Limited
157,BANKINDIA,Bank of India
158,RECLTD,REC Limited
159,AUROPHARMA,Aurobindo Pharma Limited
160,STARHEALTH,Star Health and Allied Insurance Company Limited
161,IGL,Indraprastha Gas Limited
162,LUPIN,Lupin Limited
163,UCOBANK,UCO Bank
164,JUBLFOOD,Jubilant Foodworks Limited
165,POLICYBZR,PB Fintech Limited
166,GODREJPROP,Godrej Properties Limited
167,M&MFIN,Mahindra & Mahindra Financial Services Limited
168,IDEA,Vodafone Idea Limited
169,OFSS,Oracle Financial Services Software Limited
170,FEDERALBNK,The Federal Bank  Limited
171,MANYAVAR,Vedant Fashions Limited
172,UNOMINDA,UNO Minda Limited
173,AIAENG,AIA Engineering Limited
174,THERMAX,Thermax Limited
175,OIL,Oil India Limited
176,VOLTAS,Voltas Limited
177,3MINDIA,3M India Limited
178,COROMANDEL,Coromandel International Limited
179,SUNDARMFIN,Sundaram Finance Limited
180,KPITTECH,KPIT Technologies Limited
181,DEEPAKNTR,Deepak Nitrite Limited
182,ESCORTS,Escorts Kubota Limited
183,BIOCON,Biocon Limited
184,TATACHEM,Tata Chemicals Limited
185,TORNTPOWER,Torrent Power Limited
186,GMRINFRA,GMR Airports Infrastructure Limited
187,BHEL,Bharat Heavy Electricals Limited
188,SONACOMS,Sona BLW Precision Forgings Limited
189,DELHIVERY,Delhivery Limited
190,SYNGENE,Syngene International Limited
191,CRISIL,CRISIL Limited
192,GICRE,General Insurance Corporation of India
193,COFORGE,Coforge Limited
194,PHOENIXLTD,The Phoenix Mills Limited
195,JKCEMENT,JK Cement Limited
196,POONAWALLA,Poonawalla Fincorp Limited
197,GLAXO,GlaxoSmithKline Pharmaceuticals Limited
198,MFSL,Max Financial Services Limited
199,METROBRAND,Metro Brands Limited
200,MSUMI,Motherson Sumi Wiring India Limited
201,SUMICHEM,Sumitomo Chemical India Limited
202,RELAXO,Relaxo Footwears Limited
203,NAVINFLUOR,Navin Fluorine International Limited
204,SKFINDIA,SKF India Limited
205,CENTRALBK,Central Bank of India
206,GLAND,Gland Pharma Limited
207,KANSAINER,Kansai Nerolac Paints Limited
208,GRINDWELL,Grindwell Norton Limited
209,TIMKEN,Timken India Limited
210,IPCALAB,IPCA Laboratories Limited
211,SUNDRMFAST,Sundram Fasteners Limited
212,ATUL,Atul Limited
213,ZEEL,Zee Entertainment Enterprises Limited
214,L&TFH,L&T Finance Holdings Limited
215,ABFRL,Aditya Birla Fashion and Retail Limited
216,APOLLOTYRE,Apollo Tyres Limited
217,KPRMILL,K.P.R. Mill Limited
218,ZFCVINDIA,ZF Commercial Vehicle Control Systems India Limited
219,FORTIS,Fortis Healthcare Limited
220,AARTIIND,Aarti Industries Limited
221,HATSUN,Hatsun Agro Product Limited
222,CARBORUNIV,Carborundum Universal Limited
223,CROMPTON,Crompton Greaves Consumer Electricals Limited
224,VINATIORGA,Vinati Organics Limited
225,IIFL,IIFL Finance Limited
226,BATAINDIA,Bata India Limited
227,BDL,Bharat Dynamics Limited
228,LICHSGFIN,LIC Housing Finance Limited
229,RAJESHEXPO,Rajesh Exports Limited
230,RAMCOCEM,The Ramco Cements Limited
231,ENDURANCE,Endurance Technologies Limited
232,DEVYANI,Devyani International Limited
233,PSB,Punjab & Sind Bank
234,DIXON,Dixon Technologies (India) Limited
235,KAJARIACER,Kajaria Ceramics Limited
236,WHIRLPOOL,Whirlpool of India Limited
237,MAHABANK,Bank of Maharashtra
238,SUNTV,Sun TV Network Limited
239,PEL,Piramal Enterprises Limited
240,PRESTIGE,Prestige Estates Projects Limited
241,NIACL,The New India Assurance Company Limited
242,RADICO,Radico Khaitan Limited
243,PFIZER,Pfizer Limited
244,NH,Narayana Hrudayalaya Ltd.
245,EMAMILTD,Emami Limited
246,LAURUSLABS,Laurus Labs Limited
247,FIVESTAR,Five-Star Business Finance Limited
248,AJANTPHARM,Ajanta Pharma Limited
249,INDIAMART,Indiamart Intermesh Limited
250,360ONE,360 ONE WAM LIMITED
251,KEI,KEI Industries Limited
252,JBCHEPHARM,JB Chemicals & Pharmaceuticals Limited
253,LALPATHLAB,Dr. Lal Path Labs Ltd.
254,JSL,Jindal Stainless Limited
255,IRB,IRB Infrastructure Developers Limited
256,EXIDEIND,Exide Industries Limited
257,PVR,PVR Limited
258,GSPL,Gujarat State Petronet Limited
259,BLUEDART,Blue Dart Express Limited
260,NATIONALUM,National Aluminium Company Limited
261,RVNL,Rail Vikas Nigam Limited
262,CREDITACC,CREDITACCESS GRAMEEN LIMITED
263,TRIDENT,Trident Limited
264,POWERINDIA,Hitachi Energy India Limited
265,MEDANTA,Global Health Limited
266,GILLETTE,Gillette India Limited
267,RATNAMANI,Ratnamani Metals & Tubes Limited
268,ELGIEQUIP,Elgi Equipments Limited
269,ISEC,ICICI Securities Limited
270,CGCL,Capri Global Capital Limited
271,GODREJIND,Godrej Industries Limited
272,CLEAN,Clean Science and Technology Limited
273,MAZDOCK,Mazagon Dock Shipbuilders Limited
274,MAHINDCIE,Mahindra CIE Automotive Limited
275,AEGISCHEM,Aegis Logistics Limited
276,FACT,Fertilizers and Chemicals Travancore Limited
277,BLUESTARCO,Blue Star Limited
278,SANOFI,Sanofi India Limited
279,FINEORG,Fine Organic Industries Limited
280,AFFLE,Affle (India) Limited
281,GLENMARK,Glenmark Pharmaceuticals Limited
282,NAM-INDIA,Nippon Life India Asset Management Limited
283,SJVN,SJVN Limited
284,REDINGTON,Redington Limited
285,AAVAS,Aavas Financiers Limited
286,IDFC,IDFC Limited
287,FINCABLES,Finolex Cables Limited
288,NUVOCO,Nuvoco Vistas Corporation Limited
289,BAJAJELEC,Bajaj Electricals Limited
290,APTUS,Aptus Value Housing Finance India Limited
291,SUVENPHAR,Suven Pharmaceuticals Limited
292,ASTERDM,Aster DM Healthcare Limited
293,RHIM,RHI MAGNESITA INDIA LIMITED
294,KEC,KEC International Limited
295,SONATSOFTW,Sonata Software Limited
296,AETHER,Aether Industries Limited
297,DCMSHRIRAM,DCM Shriram Limited
298,IEX,Indian Energy Exchange Limited
299,HAPPSTMNDS,Happiest Minds Technologies Limited
300,KIMS,Krishna Institute of Medical Sciences Limited
301,ALKYLAMINE,Alkyl Amines Chemicals Limited
302,CYIENT,Cyient Limited
303,CHAMBLFERT,Chambal Fertilizers & Chemicals Limited
304,ASAHIINDIA,Asahi India Glass Limited
305,CASTROLIND,Castrol India Limited
306,BRIGADE,Brigade Enterprises Limited
307,KALYANKJIL,Kalyan Jewellers India Limited
308,TTML,Tata Teleservices (Maharashtra) Limited
309,VGUARD,V-Guard Industries Limited
310,NLCINDIA,NLC India Limited
311,LAXMIMACH,Lakshmi Machine Works Limited
312,TRITURBINE,Triveni Turbine Limited
313,FINPIPE,Finolex Industries Limited
314,AKZOINDIA,Akzo Nobel India Limited
315,MANAPPURAM,Manappuram Finance Limited
316,EIHOTEL,EIH Limited
317,CENTURYPLY,Century Plyboards (India) Limited
318,NATCOPHARM,Natco Pharma Limited
319,KIOCL,KIOCL Limited
320,CHOLAHLDNG,Cholamandalam Financial Holdings Limited
321,CAMPUS,Campus Activewear Limited
322,CAMS,Computer Age Management Services Limited
323,AMARAJABAT,Amara Raja Batteries Limited
324,ZYDUSWELL,Zydus Wellness Limited
325,BASF,BASF India Limited
326,TEJASNET,Tejas Networks Limited
327,APLLTD,Alembic Pharmaceuticals Limited
328,MGL,Mahanagar Gas Limited
329,GRINFRA,G R Infraprojects Limited
330,ANGELONE,Angel One Limited
331,SFL,Sheela Foam Limited
332,TTKPRESTIG,TTK Prestige Limited
333,APARINDS,Apar Industries Limited
334,HINDCOPPER,Hindustan Copper Limited
335,CDSL,Central Depository Services (India) Limited
336,GODFRYPHLP,Godfrey Phillips India Limited
337,RENUKA,Shree Renuka Sugars Limited
338,CUB,City Union Bank Limited
339,JKLAKSHMI,JK Lakshmi Cement Limited
340,ANURAS,Anupam Rasayan India Limited
341,MRPL,Mangalore Refinery and Petrochemicals Limited
342,GESHIP,The Great Eastern Shipping Company Limited
343,POLYMED,Poly Medicure Limited
344,NSLNISP,NMDC Steel Limited
345,BIKAJI,Bikaji Foods International Limited
346,MOTILALOFS,Motilal Oswal Financial Services Limited
347,ABSLAMC,Aditya Birla Sun Life AMC Limited
348,CESC,CESC Limited
349,TATAINVEST,Tata Investment Corporation Limited
350,ALLCARGO,Allcargo Logistics Limited
351,KALPATPOWR,Kalpataru Power Transmission Limited
352,PNBHOUSING,PNB Housing Finance Limited
353,HUDCO,Housing & Urban Development Corporation Limited
354,ITI,ITI Limited
355,ROUTE,ROUTE MOBILE LIMITED
356,RITES,RITES Limited
357,VTL,Vardhman Textiles Limited
358,RBLBANK,RBL Bank Limited
359,HFCL,HFCL Limited
360,KARURVYSYA,Karur Vysya Bank Limited
361,CERA,Cera Sanitaryware Limited
362,EIDPARRY,EID Parry India Limited
363,INGERRAND,Ingersoll Rand (India) Limited
364,GALAXYSURF,Galaxy Surfactants Limited
365,PPLPHARMA,Piramal Pharma Limited
366,UTIAMC,UTI Asset Management Company Limited
367,KRBL,KRBL Limited
368,RAYMOND,Raymond Limited
369,ASTRAZEN,AstraZeneca Pharma India Limited
370,VIPIND,VIP Industries Limited
371,ACI,Archean Chemical Industries Limited
372,BALRAMCHIN,Balrampur Chini Mills Limited
373,SUZLON,Suzlon Energy Limited
374,GODREJAGRO,Godrej Agrovet Limited
375,GNFC,Gujarat Narmada Valley Fertilizers and Chemicals Limited
376,ERIS,Eris Lifesciences Limited
377,PGHL,Procter & Gamble Health Limited
378,MEDPLUS,Medplus Health Services Limited
379,SAPPHIRE,Sapphire Foods India Limited
380,DATAPATTNS,Data Patterns (India) Limited
381,SUNCLAYLTD,Sundaram Clayton Limited
382,JBMA,JBM Auto Limited
383,EASEMYTRIP,Easy Trip Planners Limited
384,CCL,CCL Products (India) Limited
385,EQUITASBNK,Equitas Small Finance Bank Limited
386,CHALET,Chalet Hotels Limited
387,RAINBOW,Rainbow Childrens Medicare Limited
388,PNCINFRA,PNC Infratech Limited
389,FSL,Firstsource Solutions Limited
390,KSB,Ksb Limited
391,BSOFT,BIRLASOFT LIMITED
392,KNRCON,KNR Constructions Limited
393,SHOPERSTOP,Shoppers Stop Limited
394,SYMPHONY,Symphony Limited
395,CENTURYTEX,Century Textiles & Industries Limited
396,CANFINHOME,Can Fin Homes Limited
397,GRANULES,Granules India Limited
398,TANLA,Tanla Platforms Limited
399,JYOTHYLAB,Jyothy Labs Limited
400,SPLPETRO,Supreme Petrochem Limited
401,DEEPAKFERT,Deepak Fertilizers and Petrochemicals Corporation Limited
402,CRAFTSMAN,Craftsman Automation Limited
403,BIRLACORPN,Birla Corporation Limited
404,BLS,BLS International Services Limited
405,SHYAMMETL,Shyam Metalics and Energy Limited
406,NCC,NCC Limited
407,GMMPFAUDLR,GMM Pfaudler Limited
408,LATENTVIEW,Latent View Analytics Limited
409,USHAMART,Usha Martin Limited
410,HOMEFIRST,Home First Finance Company India Limited
411,JKPAPER,JK Paper Limited
412,TMB,Tamilnad Mercantile Bank Limited
413,JINDWORLD,Jindal Worldwide Limited
414,METROPOLIS,Metropolis Healthcare Limited
415,SAREGAMA,Saregama India Limited
416,NBCC,NBCC (India) Limited
417,ECLERX,eClerx Services Limited
418,BALAMINES,Balaji Amines Limited
419,WELSPUNIND,Welspun India Limited
420,PRAJIND,Praj Industries Limited
421,COCHINSHIP,Cochin Shipyard Limited
422,ZENSARTECH,Zensar Technologies Limited
423,AMBER,Amber Enterprises India Limited
424,LEMONTREE,Lemon Tree Hotels Limited
425,PRINCEPIPE,Prince Pipes And Fittings Limited
426,TRIVENI,Triveni Engineering & Industries Limited
427,GARFIBRES,Garware Technical Fibres Limited
428,LXCHEM,Laxmi Organic Industries Limited
429,STLTECH,Sterlite Technologies Limited
430,CEATLTD,CEAT Limited
431,BSE,BSE Limited
432,SPARC,Sun Pharma Advanced Research Company Limited
433,ALOKINDS,Alok Industries Limited
434,ORIENTELEC,Orient Electric Limited
435,INDIACEM,The India Cements Limited
436,JUBLINGREA,Jubilant Ingrevia Limited
437,KIRLOSENG,Kirloskar Oil Engines Limited
438,TCIEXP,TCI Express Limited
439,JMFINANCIL,JM Financial Limited
440,NETWORK18,Network18 Media & Investments Limited
441,BBTC,Bombay Burmah Trading Corporation Limited
442,SWANENERGY,Swan Energy Limited
443,GPPL,Gujarat Pipavav Port Limited
444,KAYNES,Kaynes Technology India Limited
445,VRLLOG,VRL Logistics Limited
446,INTELLECT,Intellect Design Arena Limited
447,SWSOLAR,Sterling and Wilson Renewable Energy Limited
448,CHEMPLASTS,Chemplast Sanmar Limited
449,QUESS,Quess Corp Limited
450,ROLEXRINGS,Rolex Rings Limited
451,MAHLIFE,Mahindra Lifespace Developers Limited
452,ESABINDIA,Esab India Limited
453,MHRIL,Mahindra Holidays & Resorts India Limited
454,GOCOLORS,Go Fashion (India) Limited
455,HGS,Hinduja Global Solutions Limited
456,BORORENEW,BOROSIL RENEWABLES LIMITED
457,GAEL,Gujarat Ambuja Exports Limited
458,MAPMYINDIA,C.E. Info Systems Limited
459,PRSMJOHNSN,Prism Johnson Limited
460,RUSTOMJEE,Keystone Realtors Limited
461,IRCON,Ircon International Limited
462,RCF,Rashtriya Chemicals and Fertilizers Limited
463,WELCORP,Welspun Corp Limited
464,BEML,BEML Limited
465,GRSE,Garden Reach Shipbuilders & Engineers Limited
466,EPL,EPL Limited
467,MINDACORP,Minda Corporation Limited
468,GRAPHITE,Graphite India Limited
469,HGINFRA,H.G. Infra Engineering Limited
470,OLECTRA,Olectra Greentech Limited
471,RELINFRA,Reliance Infrastructure Limited
472,JUSTDIAL,Just Dial Limited
473,RAIN,Rain Industries Limited
474,IONEXCHANG,ION Exchange (India) Limited
475,EDELWEISS,Edelweiss Financial Services Limited
476,UJJIVANSFB,Ujjivan Small Finance Bank Limited
477,TV18BRDCST,TV18 Broadcast Limited
478,GPIL,Godawari Power And Ispat limited
479,MTARTECH,Mtar Technologies Limited
480,TCI,Transport Corporation of India Limited
481,RTNINDIA,RattanIndia Enterprises Limited
482,VSTIND,VST Industries Limited
483,SAFARI,Safari Industries (India) Limited
484,ACE,Action Construction Equipment Limited
485,MAHSCOOTER,Maharashtra Scooters Limited
486,DELTACORP,Delta Corp Limited
487,GLS,Glenmark Life Sciences Limited
488,GHCL,GHCL Limited
489,INDIGOPNTS,Indigo Paints Limited
490,MAHSEAMLES,Maharashtra Seamless Limited
491,SUPRAJIT,Suprajit Engineering Limited
492,KFINTECH,Kfin Technologies Limited
493,GSFC,Gujarat State Fertilizers & Chemicals Limited
494,J&KBANK,The Jammu & Kashmir Bank Limited
495,RELIGARE,Religare Enterprises Limited
496,MASTEK,Mastek Limited
497,SIS,SIS LIMITED
498,JINDALSAW,Jindal Saw Limited
499,TEGA,Tega Industries Limited
500,SYRMA,Syrma SGS Technology Limited
501,AVANTIFEED,Avanti Feeds Limited
502,STARCEMENT,Star Cement Limited
503,IBULHSGFIN,Indiabulls Housing Finance Limited
504,RKFORGE,Ramkrishna Forgings Limited
505,CAPLIPOINT,Caplin Point Laboratories Limited
506,VAIBHAVGBL,Vaibhav Global Limited
507,RBA,Restaurant Brands Asia Limited
508,JUBLPHARMA,Jubilant Pharmova Limited
509,SHARDACROP,Sharda Cropchem Limited
510,NIITLTD,NIIT Limited
511,PCBL,PCBL LIMITED
512,MASFIN,MAS Financial Services Limited
513,SCI,Shipping Corporation Of India Limited
514,PDSL,PDS Limited
515,GUJALKALI,Gujarat Alkalies and Chemicals Limited
516,ELECON,Elecon Engineering Company Limited
517,CMSINFO,CMS Info Systems Limited
518,VMART,V-Mart Retail Limited
519,ICRA,ICRA Limited
520,JSWHL,JSW Holdings Limited
521,FDC,FDC Limited
522,CSBBANK,CSB Bank Limited
523,KTKBANK,The Karnataka Bank Limited
524,MMTC,MMTC Limited
525,ENGINERSIN,Engineers India Limited
526,SUNTECK,Sunteck Realty Limited
527,PRIVISCL,Privi Speciality Chemicals Limited
528,PARADEEP,Paradeep Phosphates Limited
529,SOBHA,Sobha Limited
530,FUSION,Fusion Micro Finance Limited
531,GMDCLTD,Gujarat Mineral Development Corporation Limited
532,VIJAYA,Vijaya Diagnostic Centre Limited
533,JAMNAAUTO,Jamna Auto Industries Limited
534,ANANTRAJ,Anant Raj Limited
535,SANSERA,Sansera Engineering Limited
536,MFL,Meghmani Finechem Limited
537,AHLUCONT,Ahluwalia Contracts (India) Limited
538,BSHSL,Bombay Super Hybrid Seeds Limited
539,TATACOFFEE,Tata Coffee Limited
540,TEAMLEASE,Teamlease Services Limited
541,JKTYRE,JK Tyre & Industries Limited
542,VARROC,Varroc Engineering Limited
543,GREENLAM,Greenlam Industries Limited
544,JPPOWER,Jaiprakash Power Ventures Limited
545,INFIBEAM,Infibeam Avenues Limited
546,SPANDANA,Spandana Sphoorty Financial Limited
547,HSCL,Himadri Speciality Chemical Limited
548,BHARATRAS,Bharat Rasayan Limited
549,RAJRATAN,Rajratan Global Wire Limited
550,LAOPALA,La Opala RG Limited
551,SARDAEN,Sarda Energy & Minerals Limited
552,RALLIS,Rallis India Limited
553,BOROLTD,Borosil Limited
554,RATEGAIN,Rategain Travel Technologies Limited
555,SCHNEIDER,Schneider Electric Infrastructure Limited
556,RPOWER,Reliance Power Limited
557,ARVINDFASN,Arvind Fashions Limited
558,TATVA,Tatva Chintan Pharma Chem Limited
559,POWERMECH,Power Mech Projects Limited
560,HCG,Healthcare Global Enterprises Limited
561,NESCO,Nesco Limited
562,HEIDELBERG,HeidelbergCement India Limited
563,TECHNOE,Techno Electric & Engineering Company Limited
564,POLYPLEX,Polyplex Corporation Limited
565,SURYAROSNI,Surya Roshni Limited
566,AUTOAXLES,Automotive Axles Limited
567,JWL,Jupiter Wagons Limited
568,NFL,National Fertilizers Limited
569,HEG,HEG Limited
570,RAJRILTD,Raj Rayon Industries Limited
571,CHENNPETRO,Chennai Petroleum Corporation Limited
572,WSTCSTPAPR,West Coast Paper Mills Limited
573,LUXIND,Lux Industries Limited
574,HIKAL,Hikal Limited
575,MIDHANI,Mishra Dhatu Nigam Limited
576,HLEGLAS,HLE Glascoat Limited
577,SHAREINDIA,Share India Securities Limited
578,NOCIL,NOCIL Limited
579,NAZARA,Nazara Technologies Limited
580,BANARISUG,Bannari Amman Sugars Limited
581,ANANDRATHI,Anand Rathi Wealth Limited
582,PRUDENT,Prudent Corporate Advisory Services Limited
583,GRAVITA,Gravita India Limited
584,GREENPANEL,Greenpanel Industries Limited
585,VESUVIUS,Vesuvius India Limited
586,DCBBANK,DCB Bank Limited
587,ROSSARI,Rossari Biotech Limited
588,RESPONIND,Responsive Industries Limited
589,TINPLATE,The Tinplate Company of India Limited
590,KIRLOSBROS,Kirloskar Brothers Limited
591,RAILTEL,Railtel Corporation Of India Limited
592,AMIORG,Ami Organics Limited
593,ISGEC,Isgec Heavy Engineering Limited
594,NEOGEN,Neogen Chemicals Limited
595,MARKSANS,Marksans Pharma Limited
596,NAVA,NAVA LIMITED
597,NEWGEN,Newgen Software Technologies Limited
598,BECTORFOOD,Mrs. Bectors Food Specialities Limited
599,TWL,Titagarh Wagons Limited
600,AARTIDRUGS,Aarti Drugs Limited
601,UJJIVAN,Ujjivan Financial Services Limited
602,GATEWAY,Gateway Distriparks Limited
603,SULA,Sula Vineyards Limited
604,DAAWAT,LT Foods Limited
605,SOUTHBANK,The South Indian Bank Limited
606,GET&D,GE T&D India Limited
607,HARSHA,Harsha Engineers International Limited
608,PGEL,PG Electroplast Limited
609,RSYSTEMS,R Systems International Limited
610,INDOCO,Indoco Remedies Limited
611,MOLDTKPAC,Mold-Tek Packaging Limited
612,IFBIND,IFB Industries Limited
613,SBCL,Shivalik Bimetal Controls Limited
614,BCG,Brightcom Group Limited
615,GREAVESCOT,Greaves Cotton Limited
616,MOIL,MOIL Limited
617,TATASTLLP,Tata Steel Long Products Limited
618,TARSONS,Tarsons Products Limited
619,SHANTIGEAR,Shanthi Gears Limited
620,CHOICEIN,Choice International Limited
621,TIIL,Technocraft Industries (India) Limited
622,DHANUKA,Dhanuka Agritech Limited
623,JCHAC,Johnson Controls - Hitachi Air Conditioning India Limited
624,DODLA,Dodla Dairy Limited
625,DALMIASUG,Dalmia Bharat Sugar and Industries Limited
626,VOLTAMP,Voltamp Transformers Limited
627,ASTEC,Astec LifeSciences Limited
628,SUDARSCHEM,Sudarshan Chemical Industries Limited
629,KSCL,Kaveri Seed Company Limited
630,SUNFLAG,Sunflag Iron And Steel Company Limited
631,IBREALEST,Indiabulls Real Estate Limited
632,THOMASCOOK,Thomas Cook  (India)  Limited
633,HBLPOWER,HBL Power Systems Limited
634,INOXWIND,Inox Wind Limited
635,NILKAMAL,Nilkamal Limited
636,ZENTEC,Zen Technologies Limited
637,TCNSBRANDS,TCNS Clothing Co. Limited
638,ADVENZYMES,Advanced Enzyme Technologies Limited
639,STAR,Strides Pharma Science Limited
640,FCL,Fineotex Chemical Limited
641,KKCL,Kewal Kiran Clothing Limited
642,HINDWAREAP,Hindware Home Innovation Limited
643,MAHLOG,Mahindra Logistics Limited
644,EMIL,Electronics Mart India Limited
645,JTEKTINDIA,Jtekt India Limited
646,MANINFRA,Man Infraconstruction Limited
647,ITDC,India Tourism Development Corporation Limited
648,APCOTEXIND,Apcotex Industries Limited
649,PRICOLLTD,Pricol Limited
650,PTC,PTC India Limited
651,AARTIPHARM,Aarti Pharmalabs Limited
652,MBAPL,Madhya Bharat Agro Products Limited
653,SAGCEM,Sagar Cements Limited
654,TDPOWERSYS,TD Power Systems Limited
655,JAICORPLTD,Jai Corp Limited
656,DBL,Dilip Buildcon Limited
657,BARBEQUE,Barbeque Nation Hospitality Limited
658,UNIPARTS,Uniparts India Limited
659,UFLEX,UFLEX Limited
660,WONDERLA,Wonderla Holidays Limited
661,PSPPROJECT,PSP Projects Limited
662,KIRLOSIND,Kirloskar Industries Limited
663,IPL,India Pesticides Limited
664,DISHTV,Dish TV India Limited
665,TATAMETALI,Tata Metaliks Limited
666,PAISALO,Paisalo Digital Limited
667,PFOCUS,Prime Focus Limited
668,HEMIPROP,Hemisphere Properties India Limited
669,LGBBROSLTD,LG Balakrishnan & Bros Limited
670,MAITHANALL,Maithan Alloys Limited
671,SSWL,Steel Strips Wheels Limited
672,NEULANDLAB,Neuland Laboratories Limited
673,HATHWAY,Hathway Cable & Datacom Limited
674,THYROCARE,Thyrocare Technologies Limited
675,ORIENTCEM,Orient Cement Limited
676,DREAMFOLKS,Dreamfolks Services Limited
677,ETHOSLTD,Ethos Limited
678,GLOBUSSPR,Globus Spirits Limited
679,GANESHHOUC,Ganesh Housing Corporation Limited
680,ARVIND,Arvind Limited
681,ICIL,Indo Count Industries Limited
682,SHRIPISTON,Shriram Pistons & Rings Limited
683,WOCKPHARMA,Wockhardt Limited
684,DBREALTY,D B Realty Limited
685,ISMTLTD,ISMT Limited
686,JINDALPOLY,Jindal Poly Films Limited
687,WABAG,VA Tech Wabag Limited
688,BAJAJCON,Bajaj Consumer Care Limited
689,GENUSPOWER,Genus Power Infrastructures Limited
690,BUTTERFLY,Butterfly Gandhimathi Appliances Limited
691,NAVNETEDUL,Navneet Education Limited
692,GOKEX,Gokaldas Exports Limited
693,APOLLOPIPE,Apollo Pipes Limited
694,LANDMARK,Landmark Cars Limited
695,IFCI,IFCI Limited
696,ATFL,Agro Tech Foods Limited
697,EVEREADY,Eveready Industries India Limited
698,AGI,AGI Greenpac Limited
699,TI,Tilaknagar Industries Limited
700,ASHOKA,Ashoka Buildcon Limited
701,SOMANYCERA,Somany Ceramics Limited
702,HCC,Hindustan Construction Company Limited
703,JISLJALEQS,Jain Irrigation Systems Limited
704,VINDHYATEL,Vindhya Telelinks Limited
705,FIEMIND,Fiem Industries Limited
706,TASTYBITE,Tasty Bite Eatables Limited
707,JAYNECOIND,Jayaswal Neco Industries Limited
708,HONDAPOWER,Honda India Power Products Limited
709,UNICHEMLAB,Unichem Laboratories Limited
710,MUKANDLTD,Mukand Limited
711,CIGNITITEC,Cigniti Technologies Limited
712,MMFL,MM Forgings Limited
713,VENKEYS,Venky's (India) Limited
714,RAMKY,Ramky Infrastructure Limited
715,DIVGIITTS,Divgi Torqtransfer Systems Limited
716,CAMLINFINE,Camlin Fine Sciences Limited
717,SHILPAMED,Shilpa Medicare Limited
718,GULFOILLUB,Gulf Oil Lubricants India Limited
719,MOL,Meghmani Organics Limited
720,DOLLAR,Dollar Industries Limited
721,VSTTILLERS,V.S.T Tillers Tractors Limited
722,SUBROS,Subros Limited
723,DCAL,Dishman Carbogen Amcis Limited
724,GABRIEL,Gabriel India Limited
725,MAXVIL,Max Ventures and Industries Limited
726,SIYSIL,Siyaram Silk Mills Limited
727,TVSSRICHAK,TVS Srichakra Limited
728,ASTRAMICRO,Astra Microwave Products Limited
729,JKIL,J.Kumar Infraprojects Limited
730,JAGRAN,Jagran Prakashan Limited
731,ELECTCAST,Electrosteel Castings Limited
732,CARERATING,CARE Ratings Limited
733,INDIAGLYCO,India Glycols Limited
734,BALMLAWRIE,Balmer Lawrie & Company Limited
735,KOLTEPATIL,Kolte - Patil Developers Limited
736,IMAGICAA,Imagicaaworld Entertainment Limited
737,WELENT,Welspun Enterprises Limited
738,TIPSINDLTD,TIPS Industries Limited
739,SWARAJENG,Swaraj Engines Limited
740,MAYURUNIQ,Mayur Uniquoters Ltd
741,GANECOS,Ganesha Ecosphere Limited
742,PARAS,Paras Defence and Space Technologies Limited
743,LUMAXTECH,Lumax Auto Technologies Limited
744,ACCELYA,Accelya Solutions India Limited
745,KESORAMIND,Kesoram Industries Limited
746,CARTRADE,Cartrade Tech Limited
747,MPSLTD,MPS Limited
748,SEQUENT,Sequent Scientific Limited
749,HIL,HIL Limited
750,GUFICBIO,Gufic Biosciences Limited
751,ITDCEM,ITD Cementation India Limited
752,PILANIINVS,Pilani Investment and Industries Corporation Limited
753,MSTCLTD,Mstc Limited
754,LSIL,Lloyds Steels Industries Limited
755,PANAMAPET,Panama Petrochem Limited
756,OPTIEMUS,Optiemus Infracom Limited
757,SIRCA,Sirca Paints India Limited
758,TIRUMALCHM,Thirumalai Chemicals Limited
759,DYNAMATECH,Dynamatic Technologies Limited
760,SUNDARMHLD,Sundaram Finance Holdings Limited
761,TIMETECHNO,Time Technoplast Limited
762,DBCORP,D.B.Corp Limited
763,ASHIANA,Ashiana Housing Limited
764,CONFIPET,Confidence Petroleum India Limited
765,DIAMONDYD,Prataap Snacks Limited
766,NUCLEUS,Nucleus Software Exports Limited
767,GREENPLY,Greenply Industries Limited
768,JPASSOCIAT,Jaiprakash Associates Limited
769,WENDT,Wendt (India) Limited
770,FINOPB,Fino Payments Bank Limited
771,FMGOETZE,Federal-Mogul Goetze (India) Limited.
772,SANGHIIND,Sanghi Industries Limited
773,VAKRANGEE,Vakrangee Limited
774,GNA,GNA Axles Limited
775,AMRUTANJAN,Amrutanjan Health Care Limited
776,EMUDHRA,eMudhra Limited
777,DATAMATICS,Datamatics Global Services Limited
778,SHARDAMOTR,Sharda Motor Industries Limited
779,IOLCP,IOL Chemicals and Pharmaceuticals Limited
780,LUMAXIND,Lumax Industries Limited
781,BAJAJHIND,Bajaj Hindusthan Sugar Limited
782,STYLAMIND,Stylam Industries Limited
783,ANDHRAPAP,ANDHRA PAPER LIMITED
784,SOTL,Savita Oil Technologies Limited
785,ADFFOODS,ADF Foods Limited
786,VIDHIING,Vidhi Specialty Food Ingredients Limited
787,KABRAEXTRU,Kabra Extrusion Technik Limited
788,BEPL,Bhansali Engineering Polymers Limited
789,RUPA,Rupa & Company Limited
790,NACLIND,NACL Industries Limited
791,VSSL,Vardhman Special Steels Limited
792,VISHNU,Vishnu Chemicals Limited
793,DWARKESH,Dwarikesh Sugar Industries Limited
794,DHANI,Dhani Services Limited
795,BANCOINDIA,Banco Products (I) Limited
796,KINGFA,Kingfa Science & Technology (India) Limited
797,SUBEXLTD,Subex Limited
798,HINDOILEXP,Hindustan Oil Exploration Company Limited
799,RTNPOWER,RattanIndia Power Limited
800,VADILALIND,Vadilal Industries Limited
801,BBOX,Black Box Limited
802,ORCHPHARMA,Orchid Pharma Limited
803,PURVA,Puravankara Limited
804,COSMOFIRST,COSMO FIRST LIMITED
805,IMFA,Indian Metals & Ferro Alloys Limited
806,SUPRIYA,Supriya Lifescience Limited
807,SAKSOFT,Saksoft Limited
808,IIFLSEC,IIFL Securities Limited
809,SANGHVIMOV,Sanghvi Movers Limited
810,GOKULAGRO,Gokul Agro Resources Limited
811,ALEMBICLTD,Alembic Limited
812,VENUSPIPES,Venus Pipes & Tubes Limited
813,SEAMECLTD,Seamec Limited
814,TNPL,Tamil Nadu Newsprint & Papers Limited
815,KPIGREEN,KPI Green Energy Limited
816,BFINVEST,BF Investment Limited
817,SESHAPAPER,Seshasayee Paper and Boards Limited
818,DHAMPURSUG,Dhampur Sugar Mills Limited
819,ANDHRSUGAR,The Andhra Sugars Limited
820,KIRIINDUS,Kiri Industries Limited
821,TTKHLTCARE,TTK Healthcare Limited
822,CARYSIL,CARYSIL LIMITED
823,GOCLCORP,GOCL Corporation Limited
824,JSWISPL,JSW Ispat Special Products Limited
825,STERTOOLS,Sterling Tools Limited
826,SHALBY,Shalby Limited
827,TIDEWATER,Tide Water Oil Company (India) Limited
828,KRSNAA,Krsnaa Diagnostics Limited
829,KRISHANA,Krishana Phoschem Limited
830,HUHTAMAKI,Huhtamaki India Limited
831,BBL,Bharat Bijlee Limited
832,SEPC,SEPC Limited
833,ORISSAMINE,The Orissa Minerals Development Company Limited
834,FILATEX,Filatex India Limited
835,THEJO,Thejo Engineering Limited
836,APTECHT,Aptech Limited
837,ORIENTHOT,Oriental Hotels Limited
838,DCXINDIA,DCX Systems Limited
839,FOSECOIND,Foseco India Limited
840,GOLDIAM,Goldiam International Limited
841,SHANKARA,Shankara Building Products Limited
842,INSECTICID,Insecticides (India) Limited
843,THANGAMAYL,Thangamayil Jewellery Limited
844,SHK,S H Kelkar and Company Limited
845,TEXRAIL,Texmaco Rail & Engineering Limited
846,CANTABIL,Cantabil Retail India Limited
847,GALLANTT,Gallantt Ispat Limited
848,HERITGFOOD,Heritage Foods Limited
849,KCP,KCP Limited
850,MOREPENLAB,Morepen Laboratories Limited
851,GATI,GATI Limited
852,RAMASTEEL,Rama Steel Tubes Limited
853,HESTERBIO,Hester Biosciences Limited
854,NRBBEARING,NRB Bearing Limited
855,INDOSTAR,IndoStar Capital Finance Limited
856,MONTECARLO,Monte Carlo Fashions Limited
857,KSL,Kalyani Steels Limited
858,KDDL,KDDL Limited
859,TCPLPACK,TCPL Packaging Limited
860,MARATHON,Marathon Nextgen Realty Limited
861,ARVSMART,Arvind SmartSpaces Limited
862,DCW,DCW Limited
863,DEN,Den Networks Limited
864,STEELXIND,STEEL EXCHANGE INDIA LIMITED
865,EIHAHOTELS,EIH Associated Hotels Limited
866,IGPL,IG Petrochemicals Limited
867,NITINSPIN,Nitin Spinners Limited
868,EXPLEOSOL,Expleo Solutions Limited
869,VERANDA,Veranda Learning Solutions Limited
870,SALASAR,Salasar Techno Engineering Limited
871,STYRENIX,Styrenix Performance Materials Limited
872,ADORWELD,Ador Welding Limited
873,BHAGCHEM,Bhagiradha Chemicals & Industries Limited
874,PCJEWELLER,PC Jeweller Limited
875,GENESYS,Genesys International Corporation Limited
876,STOVEKRAFT,Stove Kraft Limited
877,RANEHOLDIN,Rane Holdings Limited
878,NDTV,New Delhi Television Limited
879,XPROINDIA,Xpro India Limited
880,MANORAMA,Manorama Industries Limited
881,GRWRHITECH,Garware Hi-Tech Films Limited
882,HARIOMPIPE,Hariom Pipe Industries Limited
883,SANDHAR,Sandhar Technologies Limited
884,AVTNPL,AVT Natural Products Limited
885,IWEL,Inox Wind Energy Limited
886,SJS,S.J.S. Enterprises Limited
887,EVERESTIND,Everest Industries Limited
888,FAIRCHEMOR,Fairchem Organics Limited
889,SASKEN,Sasken Technologies Limited
890,OAL,Oriental Aromatics Limited
891,NELCO,NELCO Limited
892,RIIL,Reliance Industrial Infrastructure Limited
893,SOLARA,Solara Active Pharma Sciences Limited
894,TAJGVK,Taj GVK Hotels & Resorts Limited
895,BOMDYEING,Bombay Dyeing & Mfg Company Limited
896,MANGCHEFER,Mangalore Chemicals & Fertilizers Limited
897,GOODLUCK,Goodluck India Limited
898,RPGLIFE,RPG Life Sciences Limited
899,PATELENG,Patel Engineering Limited
900,SPIC,Southern Petrochemicals Industries Corporation  Limited
901,INOXGREEN,Inox Green Energy Services Limited
902,GIPCL,Gujarat Industries Power Company Limited
903,UNIVCABLES,Universal Cables Limited
904,NSIL,Nalwa Sons Investments Limited
905,HMT,HMT Limited
906,MATRIMONY,Matrimony.Com Limited
907,MTNL,Mahanagar Telephone Nigam Limited
908,SDBL,Som Distilleries & Breweries Limited
909,VALIANTORG,Valiant Organics Limited
910,ARMANFIN,Arman Financial Services Limited
911,REPCOHOME,Repco Home Finance Limited
912,HERANBA,Heranba Industries Limited
913,BFUTILITIE,BF Utilities Limited
914,PRECWIRE,Precision Wires India Limited
915,AXITA,Axita Cotton Limited
916,GRMOVER,GRM Overseas Limited
917,GTPL,GTPL Hathway Limited
918,IGARASHI,Igarashi Motors India Limited
919,INFOBEAN,InfoBeans Technologies Limited
920,ALICON,Alicon Castalloy Limited
921,THEMISMED,Themis Medicare Limited
922,TVTODAY,TV Today Network Limited
923,WHEELS,Wheels India Limited
924,RPSGVENT,RPSG VENTURES LIMITED
925,RAMCOIND,Ramco Industries Limited
926,SMLISUZU,SML Isuzu Limited
927,AHL,Abans Holdings Limited
928,UNIENTER,Uniphos Enterprises Limited
929,SATIN,Satin Creditcare Network Limited
930,KUANTUM,Kuantum Papers Limited
931,GANESHBE,Ganesh Benzoplast Limited
932,SUVEN,Suven Life Sciences Limited
933,SATIA,Satia Industries Limited
934,GULPOLY,Gulshan Polyols Limited
935,UGARSUGAR,The Ugar Sugar Works Limited
936,MANALIPETC,Manali Petrochemicals Limited
937,PIXTRANS,Pix Transmissions Limited
938,SHRIRAMPPS,Shriram Properties Limited
939,RADIANTCMS,Radiant Cash Management Services Limited
940,PNBGILTS,PNB Gilts Limited
941,INDORAMA,Indo Rama Synthetics (India) Limited
942,ASHAPURMIN,Ashapura Minechem Limited
943,UGROCAP,Ugro Capital Limited
944,AXISCADES,AXISCADES Technologies Limited
945,HITECH,Hi-Tech Pipes Limited
946,PUNJABCHEM,Punjab Chemicals & Crop Protection Limited
947,SURYODAY,Suryoday Small Finance Bank Limited
948,EKC,Everest Kanto Cylinder Limited
949,JASH,Jash Engineering Limited
950,DPSCLTD,DPSC Limited
951,TARC,TARC Limited
952,BHARATWIRE,Bharat Wire Ropes Limited
953,EXCELINDUS,Excel Industries Limited
954,SPECIALITY,Speciality Restaurants Limited
955,ANUP,The Anup Engineering Limited
956,SKIPPER,Skipper Limited
957,AJMERA,Ajmera Realty & Infra India Limited
958,SHALPAINTS,Shalimar Paints Limited
959,GMBREW,GM Breweries Limited
960,SANGAMIND,Sangam (India) Limited
961,SHIVALIK,Shivalik Rasayan Limited
962,GMRP&UI,GMR Power and Urban Infra Limited
963,PENIND,Pennar Industries Limited
964,GEOJITFSL,Geojit Financial Services Limited
965,BCLIND,Bcl Industries Limited
966,DBOL,Dhampur Bio Organics Limited
967,SHAILY,Shaily Engineering Plastics Limited
968,LIKHITHA,Likhitha Infrastructure Limited
969,MADRASFERT,Madras Fertilizers Limited
970,STEELCAS,Steelcast Limited
971,MKPL,M K Proteins Limited
972,ROSSELLIND,Rossell India Limited
973,KITEX,Kitex Garments Limited
974,PRAKASH,Prakash Industries Limited
975,ARTEMISMED,Artemis Medicare Services Limited
976,RICOAUTO,Rico Auto Industries Limited
977,OMAXE,Omaxe Limited
978,CENTUM,Centum Electronics Limited
979,ROTO,Roto Pumps Limited
980,PRECAM,Precision Camshafts Limited
981,BIGBLOC,Bigbloc Construction Limited
982,SHREDIGCEM,Shree Digvijay Cement Co.Ltd
983,CLSEL,Chaman Lal Setia Exports Limited
984,GTLINFRA,GTL Infrastructure Limited
985,PGIL,Pearl Global Industries Limited
986,UTTAMSUGAR,Uttam Sugar Mills Limited
987,AVADHSUGAR,Avadh Sugar & Energy Limited
988,PITTIENG,Pitti Engineering Limited
989,5PAISA,5Paisa Capital Limited
990,NAHARSPING,Nahar Spinning Mills Limited
991,SPCENET,Spacenet Enterprises India Limited
992,SPORTKING,Sportking India Limited
993,DEEPINDS,Deep Industries Limited
994,PARAGMILK,Parag Milk Foods Limited
995,AGARIND,Agarwal Industrial Corporation Limited
996,CONTROLPR,Control Print Limited
997,BAJAJHCARE,Bajaj Healthcare Limited
998,KAMDHENU,Kamdhenu Limited
999,CHEMCON,Chemcon Speciality Chemicals Limited
1000,GICHSGFIN,GIC Housing Finance Limited
1001,MEDICAMEQ,Medicamen Biotech Limited
1002,DLINKINDIA,D-Link (India) Limited
1003,ARIHANTSUP,Arihant Superstructures Limited
1004,VHL,Vardhman Holdings Limited
1005,PFS,PTC India Financial Services Limited
1006,HEXATRADEX,Hexa Tradex Limited
1007,RILINFRA,Rachana Infrastructure Limited
1008,CAPACITE,Capacit'e Infraprojects Limited
1009,SPAL,S. P. Apparels Limited
1010,NCLIND,NCL Industries Limited
1011,63MOONS,63 moons technologies limited
1012,NAVKARCORP,Navkar Corporation Limited
1013,ORIENTPPR,Orient Paper & Industries Limited
1014,DREDGECORP,Dredging Corporation of India Limited
1015,AMBIKCO,Ambika Cotton Mills Limited
1016,CENTRUM,Centrum Capital Limited
1017,LINC,Linc Limited
1018,RGL,Renaissance Global Limited
1019,SCHAND,S Chand And Company Limited
1020,NELCAST,Nelcast Limited
1021,FAZE3Q,Faze Three Limited
1022,KICL,Kalyani Investment Company Limited
1023,DVL,Dhunseri Ventures Limited
1024,JAGSNPHARM,Jagsonpal Pharmaceuticals Limited
1025,POKARNA,Pokarna Limited
1026,IFGLEXPOR,IFGL Refractories Limited
1027,TRIL,Transformers And Rectifiers (India) Limited
1028,CENTENKA,Century Enka Limited
1029,SMCGLOBAL,SMC Global Securities Limited
1030,ROHLTD,Royal Orchid Hotels Limited
1031,INDNIPPON,India Nippon Electricals Limited
1032,SHAKTIPUMP,Shakti Pumps (India) Limited
1033,NGLFINE,NGL Fine-Chem Limited
1034,IMPAL,India Motor Parts and Accessories Limited
1035,BLISSGVS,Bliss GVS Pharma Limited
1036,ALLSEC,Allsec Technologies Limited
1037,ORIENTBELL,Orient Bell Limited
1038,MANGLMCEM,Mangalam Cement Limited
1039,SANDESH,The Sandesh Limited
1040,BODALCHEM,Bodal Chemicals Limited
1041,ESTER,Ester Industries Limited
1042,ZOTA,Zota Health Care LImited
1043,RSWM,RSWM Limited
1044,INDRAMEDCO,Indraprastha Medical Corporation Limited
1045,QUICKHEAL,Quick Heal Technologies Limited
1046,SRHHYPOLTD,Sree Rayalaseema Hi-Strength Hypo Limited
1047,AURIONPRO,Aurionpro Solutions Limited
1048,GSLSU,Global Surfaces Limited
1049,SASTASUNDR,Sastasundar Ventures Limited
1050,MANAKSIA,Manaksia Limited
1051,AWHCL,Antony Waste Handling Cell Limited
1052,BLKASHYAP,B. L. Kashyap and Sons Limited
1053,RAMRAT,Ram Ratna Wires Limited
1054,JINDRILL,Jindal Drilling And Industries Limited
1055,VIMTALABS,Vimta Labs Limited
1056,CLOUD,Varanium Cloud Limited
1057,DPABHUSHAN,D. P. Abhushan Limited
1058,MOLDTECH,Mold-Tek Technologies Limited
1059,ATULAUTO,Atul Auto Limited
1060,KOKUYOCMLN,Kokuyo Camlin Limited
1061,SIGACHI,Sigachi Industries Limited
1062,HIMATSEIDE,Himatsingka Seide Limited
1063,LINCOLN,Lincoln Pharmaceuticals Limited
1064,GREENPOWER,Orient Green Power Company Limited
1065,EMAMIPAP,Emami Paper Mills Limited
1066,SATINDLTD,Sat Industries Limited
1067,RAMCOSYS,Ramco Systems Limited
1068,HPAL,HP Adhesives Limited
1069,OCCL,Oriental Carbon & Chemicals Limited
1070,FOCUS,Focus Lighting and Fixtures Limited
1071,GEPIL,GE Power India Limited
1072,SUTLEJTEX,Sutlej Textiles and Industries Limited
1073,PANACEABIO,Panacea Biotec Limited
1074,JAIBALAJI,Jai Balaji Industries Limited
1075,RML,Rane (Madras) Limited
1076,JETAIRWAYS,Jet Airways (India) Limited
1077,TRACXN,Tracxn Technologies Limited
1078,KHAICHEM,Khaitan Chemicals & Fertilizers Limited
1079,TNPETRO,Tamilnadu PetroProducts Limited
1080,ONWARDTEC,Onward Technologies Limited
1081,TFCILTD,Tourism Finance Corporation of India Limited
1082,ONMOBILE,OnMobile Global Limited
1083,INNOVANA,Innovana Thinklabs Limited
1084,GANDHITUBE,Gandhi Special Tubes Limited
1085,TEXINFRA,Texmaco Infrastructure & Holdings Limited
1086,MEDICO,Medico Remedies Limited
1087,TVSELECT,TVS Electronics Limited
1088,HEUBACHIND,Heubach Colorants India Limited
1089,VINYLINDIA,Vinyl Chemicals (India) Limited
1090,PARACABLES,Paramount Communications Limited
1091,FOODSIN,Foods & Inns Limited
1092,HLVLTD,HLV LIMITED
1093,COFFEEDAY,Coffee Day Enterprises Limited
1094,BETA,Beta Drugs Limited
1095,APEX,Apex Frozen Foods Limited
1096,YUKEN,Yuken India Limited
1097,ELIN,Elin Electronics Limited
1098,MONARCH,Monarch Networth Capital Limited
1099,DMCC,DMCC SPECIALITY CHEMICALS LIMITED
1100,CHEVIOT,Cheviot Company Limited
1101,XCHANGING,Xchanging Solutions Limited
1102,VISAKAIND,Visaka Industries Limited
1103,SUMMITSEC,Summit Securities Limited
1104,SUKHJITS,Sukhjit Starch & Chemicals Limited
1105,INDIANHUME,Indian Hume Pipe Company Limited
1106,JUBLINDS,Jubilant Industries Limited
1107,ASALCBR,Associated Alcohols & Breweries Ltd.
1108,DECCANCE,Deccan Cements Limited
1109,JAYBARMARU,Jay Bharat Maruti Limited
1110,COOLCAPS,Cool Caps Industries Limited
1111,APOLLO,Apollo Micro Systems Limited
1112,ELDEHSG,Eldeco Housing And Industries Limited
1113,HERCULES,Hercules Hoists Limited
1114,4THDIM,Fourth Dimension Solutions Limited
1115,KRITI,Kriti Industries (India) Limited
1116,AGSTRA,AGS Transact Technologies Limited
1117,NAHARPOLY,Nahar Poly Films Limited
1118,MANINDS,Man Industries (India) Limited
1119,ENIL,Entertainment Network (India) Limited
1120,SYNCOMF,Syncom Formulations (India) Limited
1121,KAMOPAINTS,Kamdhenu Ventures Limited
1122,NAGAFERT,Nagarjuna Fertilizers and Chemicals Limited
1123,SCPL,Sheetal Cool Products Limited
1124,HPL,HPL Electric & Power Limited
1125,INDOAMIN,Indo Amines Limited
1126,DCMSRIND,DCM Shriram Industries Limited
1127,MENONBE,Menon Bearings Limited
1128,VASCONEQ,Vascon Engineers Limited
1129,VLSFINANCE,VLS Finance Limited
1130,BALAXI,BALAXI PHARMACEUTICALS LIMITED
1131,ZEEMEDIA,Zee Media Corporation Limited
1132,CREATIVE,Creative Newtech Limited
1133,KRISHIVAL,Empyrean Cashews Limited
1134,SNOWMAN,Snowman Logistics Limited
1135,KOPRAN,Kopran Limited
1136,SHREYAS,Shreyas Shipping & Logistics Limited
1137,REFEX,Refex Industries Limited
1138,KSOLVES,Ksolves India Limited
1139,GFLLIMITED,GFL Limited
1140,SPECTRUM,Spectrum Electrical Industries Limited
1141,RUSHIL,Rushil Decor Limited
1142,IRISDOREME,Iris Clothings Limited
1143,BINDALAGRO,Oswal Chemicals & Fertilizers Limited
1144,SELMC,SEL Manufacturing Company Limited
1145,BHAGERIA,Bhageria Industries Limited
1146,ZUARI,Zuari Agro Chemicals Limited
1147,TALBROAUTO,Talbros Automotive Components Limited
1148,RUBYMILLS,The Ruby Mills Limited
1149,OSWALSEEDS,ShreeOswal Seeds And Chemicals Limited
1150,DPWIRES,D P Wires Limited
1151,SMSPHARMA,SMS Pharmaceuticals Limited
1152,DHARMAJ,Dharmaj Crop Guard Limited
1153,RBL,Rane Brake Lining Limited
1154,GOYALALUM,Goyal Aluminiums Limited
1155,NRL,Nupur Recyclers Limited
1156,MIRZAINT,Mirza International Limited
1157,VIKASLIFE,Vikas Lifecare Limited
1158,WINDLAS,Windlas Biotech Limited
1159,HITECHGEAR,The Hi-Tech Gears Limited
1160,SHREEPUSHK,Shree Pushkar Chemicals & Fertilisers Limited
1161,SPENCERS,Spencer's Retail Limited
1162,KANORICHEM,Kanoria Chemicals & Industries Limited
1163,JPOLYINVST,Jindal Poly Investment and Finance Company Limited
1164,ASAL,Automotive Stampings and Assemblies Limited
1165,SILVERTUC,Silver Touch Technologies Limited
1166,3IINFOLTD,3i Infotech Limited
1167,MALLCOM,Mallcom (India) Limited
1168,CREST,Crest Ventures Limited
1169,REPRO,Repro India Limited
1170,MARINE,Marine Electricals (India) Limited
1171,KECL,Kirloskar Electric Company Limited
1172,DENORA,De Nora India Limited
1173,EXXARO,Exxaro Tiles Limited
1174,MAGADSUGAR,Magadh Sugar & Energy Limited
1175,ASIANTILES,Asian Granito India Limited
1176,JAYAGROGN,Jayant Agro Organics Limited
1177,DIGISPICE,DiGiSPICE Technologies Limited
1178,BBTCL,B&B Triplewall Containers Limited
1179,PREMEXPLN,Premier Explosives Limited
1180,SWELECTES,Swelect Energy Systems Limited
1181,KELLTONTEC,Kellton Tech Solutions Limited
1182,MUTHOOTCAP,Muthoot Capital Services Limited
1183,APCL,Anjani Portland Cement Limited
1184,ASIANENE,Asian Energy Services Limited
1185,DONEAR,Donear Industries Limited
1186,ADSL,Allied Digital Services Limited
1187,BANSWRAS,Banswara Syntex Limited
1188,NAHARCAP,Nahar Capital and Financial Services Limited
1189,ICEMAKE,Ice Make Refrigeration Limited
1190,BAIDFIN,Baid Finserv Limited
1191,STCINDIA,The State Trading Corporation of India Limited
1192,TBZ,Tribhovandas Bhimji Zaveri Limited
1193,SALZERELEC,Salzer Electronics Limited
1194,IFBAGRO,IFB Agro Industries Limited
1195,PTL,PTL Enterprises Limited
1196,ARIHANTCAP,Arihant Capital Markets Limited
1197,CSLFINANCE,CSL Finance Limited
1198,JSLL,Jeena Sikho Lifecare Limited
1199,UNIVPHOTO,Universus Photo Imagings Limited
1200,HARDWYN,Hardwyn India Limited
1201,DSSL,Dynacons Systems & Solutions Limited
1202,REVATHI,Revathi Equipment Limited
1203,HCL-INSYS,HCL Infosystems Limited
1204,PLASTIBLEN,Plastiblends India Limited
1205,UNIDT,United Drilling Tools Limited
1206,CAREERP,Career Point Limited
1207,ARROWGREEN,Arrow Greentech Limited
1208,SREEL,Sreeleathers Limited
1209,SBC,SBC Exports Limited
1210,RADIOCITY,Music Broadcast Limited
1211,SERVOTECH,Servotech Power Systems Limited
1212,SAKAR,Sakar Healthcare Limited
1213,BALAJITELE,Balaji Telefilms Limited
1214,NXTDIGITAL,NXTDIGITAL LIMITED
1215,GOACARBON,Goa Carbon Limited
1216,BIRLACABLE,Birla Cable Limited
1217,RITCO,Ritco Logistics Limited
1218,SELAN,Selan Exploration Technology Limited
1219,ASCOM,Ascom Leasing & Investments Limited
1220,OSIAHYPER,Osia Hyper Retail Limited
1221,HINDCOMPOS,Hindustan Composites Limited
1222,DHANBANK,Dhanlaxmi Bank Limited
1223,DYCL,Dynamic Cables Limited
1224,DHUNINV,Dhunseri Investments Limited
1225,EIFFL,Euro India Fresh Foods Limited
1226,MUNJALAU,Munjal Auto Industries Limited
1227,NAHARINDUS,Nahar Industrial Enterprises Limited
1228,DELPHIFX,DELPHI WORLD MONEY LIMITED
1229,URJA,Urja Global Limited
1230,PRIMESECU,Prime Securities Limited
1231,NECLIFE,Nectar Lifesciences Limited
1232,NBIFIN,N. B. I. Industrial Finance Company Limited
1233,GRPLTD,GRP Limited
1234,MAWANASUG,Mawana Sugars Limited
1235,ZIMLAB,Zim Laboratories Limited
1236,PDMJEPAPER,Pudumjee Paper Products Limited
1237,ONEPOINT,One Point One Solutions Limited
1238,MAXIND,Max India Limited
1239,SHYAMCENT,Shyam Century Ferrous Limited
1240,VARDHACRLC,Vardhman Acrylics Limited
1241,RADHIKAJWE,Radhika Jeweltech Limited
1242,NPST,Network People Services Technologies Limited
1243,THEINVEST,The Investment Trust Of India Limited
1244,HTMEDIA,HT Media Limited
1245,NRAIL,N R Agarwal Industries Limited
1246,RCOM,Reliance Communications Limited
1247,DICIND,DIC India Limited
1248,OSWALAGRO,Oswal Agro Mills Limited
1249,POCL,Pondy Oxides & Chemicals Limited
1250,AARTISURF,Aarti Surfactants Limited
1251,SKMEGGPROD,SKM Egg Products Export (India) Limited
1252,SOLEX,Solex Energy Limited
1253,DEEPENR,DEEP ENERGY RESOURCES LIMITED
1254,FCSSOFT,FCS Software Solutions Limited
1255,MUNJALSHOW,Munjal Showa Limited
1256,KOTHARIPRO,Kothari Products Limited
1257,PONNIERODE,Ponni Sugars (Erode) Limited
1258,CHEMBOND,Chembond Chemicals Ltd
1259,USASEEDS,Upsurge Seeds Of Agriculture Limited
1260,KERNEX,Kernex Microsystems (India) Limited
1261,RANASUG,Rana Sugars Limited
1262,CUPID,Cupid Limited
1263,BGRENERGY,BGR Energy Systems Limited
1264,GENUSPAPER,Genus Paper & Boards Limited
1265,GSS,GSS Infotech Limited
1266,PENINLAND,Peninsula Land Limited
1267,JYOTISTRUC,Jyoti Structures Limited
1268,ADVANIHOTR,Advani Hotels & Resorts (India) Limited
1269,KAYA,Kaya Limited
1270,KOTHARIPET,Kothari Petrochemicals Limited
1271,LIBERTSHOE,Liberty Shoes Limited
1272,KHADIM,Khadim India Limited
1273,PPL,Prakash Pipes Limited
1274,VIPCLOTHNG,VIP Clothing Limited
1275,NDRAUTO,Ndr Auto Components Limited
1276,PROZONINTU,Prozone Intu Properties Limited
1277,INDOBORAX,Indo Borax & Chemicals Limited
1278,CONSOFINVT,Consolidated Finvest & Holdings Limited
1279,INDSWFTLAB,Ind-Swift Laboratories Limited
1280,ZUARIIND,ZUARI INDUSTRIES LIMITED
1281,GVKPIL,GVK Power & Infrastructure Limited
1282,SBGLP,Suratwwala Business Group Limited
1283,HIRECT,Hind Rectifiers Limited
1284,CHEMFAB,Chemfab Alkalis Limited
1285,GLOBAL,Global Education Limited
1286,ANNAPURNA,Annapurna Swadisht Limited
1287,INTLCONV,International Conveyors Limited
1288,EMKAYTOOLS,Emkay Taps and Cutting Tools Limited
1289,ORBTEXP,Orbit Exports Limited
1290,SOUTHWEST,South West Pinnacle Exploration Limited
1291,KAMATHOTEL,Kamat Hotels (I) Limited
1292,RAJMET,Rajnandini Metal Limited
1293,RAMAPHO,Rama Phosphates Limited
1294,OMINFRAL,OM INFRA LIMITED
1295,HMVL,Hindustan Media Ventures Limited
1296,AYMSYNTEX,AYM Syntex Limited
1297,MSPL,MSP Steel & Power Limited
1298,WEALTH,Wealth First Portfolio Managers Limited
1299,UNITECH,Unitech Limited
1300,WEBELSOLAR,Websol Energy System Limited
1301,NURECA,Nureca Limited
1302,LYKALABS,Lyka Labs Limited
1303,GKWLIMITED,GKW Limited
1304,MHLXMIRU,Mahalaxmi Rubtech Limited
1305,AURUM,Aurum PropTech Limited
1306,SKYGOLD,Sky Gold Limited
1307,ALBERTDAVD,Albert David Limited
1308,SHIVAUM,Shiv Aum Steels Limited
1309,PAVNAIND,Pavna Industries Limited
1310,CINELINE,Cineline India Limited
1311,KOTARISUG,Kothari Sugars And Chemicals Limited
1312,SHEMAROO,Shemaroo Entertainment Limited
1313,SILINV,SIL Investments Limited
1314,SKP,SKP Bearing Industries Limited
1315,MMP,MMP Industries Limited
1316,EQUIPPP,Equippp Social Impact Technologies Limited
1317,MANORG,Mangalam Organics Limited
1318,CYBERTECH,Cybertech Systems And Software Limited
1319,TRIGYN,Trigyn Technologies Limited
1320,SINTERCOM,Sintercom India Limited
1321,JINDALPHOT,Jindal Photo Limited
1322,SARLAPOLY,Sarla Performance Fibers Limited
1323,RUCHIRA,Ruchira Papers Limited
1324,ESSENTIA,Integra Essentia Limited
1325,MACPOWER,Macpower CNC Machines Limited
1326,AUTOIND,Autoline Industries Limited
1327,ORIENTABRA,Orient Abrasives Limited
1328,APOLSINHOT,Apollo Sindoori Hotels Limited
1329,DYNPRO,Dynemic Products Limited
1330,CLEDUCATE,CL Educate Limited
1331,PARSVNATH,Parsvnath Developers Limited
1332,GSCLCEMENT,Gujarat Sidhee Cement Limited
1333,MIRCELECTR,MIRC Electronics Limited
1334,VISHWARAJ,Vishwaraj Sugar Industries Limited
1335,HINDMOTORS,Hindustan Motors Limited
1336,NINSYS,NINtec Systems Limited
1337,NATHBIOGEN,Nath Bio-Genes (India) Limited
1338,KNAGRI,KN Agri Resources Limited
1339,GEECEE,GeeCee Ventures Limited
1340,KCPSUGIND,KCP Sugar and Industries Corporation Limited
1341,STEL,Stel Holdings Limited
1342,PODDARMENT,Poddar Pigments Limited
1343,KOTYARK,Kotyark Industries Limited
1344,HITECHCORP,Hitech Corporation Limited
1345,EUROBOND,Euro Panel Products Limited
1346,MICEL,MIC Electronics Limited
1347,ORICONENT,Oricon Enterprises Limited
1348,20MICRONS,20 Microns Limited
1349,MWL,Mangalam Worldwide Limited
1350,MINDTECK,Mindteck (India) Limited
1351,BMETRICS,Bombay Metrics Supply Chain Limited
1352,GOKUL,Gokul Refoils and Solvent Limited
1353,SECL,Salasar Exteriors and Contour Limited
1354,DUGLOBAL,DUDIGITAL GLOBAL LIMITED
1355,WEL,Wonder Electricals Limited
1356,SUPERHOUSE,Superhouse Limited
1357,LOYALTEX,Loyal Textile Mills Limited
1358,BPL,BPL Limited
1359,BIRLAMONEY,Aditya Birla Money Limited
1360,GPTINFRA,GPT Infraprojects Limited
1361,E2E,E2E Networks Limited
1362,SHIVAMAUTO,Shivam Autotech Limited
1363,DCMNVL,DCM Nouvelle Limited
1364,MAZDA,Mazda Limited
1365,MADHAVBAUG,Vaidya Sane Ayurved Laboratories Limited
1366,WINDMACHIN,Windsor Machines Limited
1367,BASML,Bannari Amman Spinning Mills Limited
1368,WALCHANNAG,Walchandnagar Industries Limited
1369,SEJALLTD,Sejal Glass Limited
1370,UCALFUEL,Ucal Fuel Systems Limited
1371,MAHEPC,Mahindra EPC Irrigation Limited
1372,V2RETAIL,V2 Retail Limited
1373,SAKUMA,Sakuma Exports Limited
1374,VERTOZ,Vertoz Advertising Limited
1375,KMSUGAR,K.M.Sugar Mills Limited
1376,ASHIMASYN,Ashima Limited
1377,UFO,UFO Moviez India Limited
1378,VIKASECO,Vikas EcoTech Limited
1379,SAKHTISUG,Sakthi Sugars Limited
1380,MAHESHWARI,Maheshwari Logistics Limited
1381,MAANALU,Maan Aluminium Limited
1382,HUBTOWN,Hubtown Limited
1383,REPL,Rudrabhishek Enterprises Limited
1384,QMSMEDI,QMS Medical Allied Services Limited
1385,MANAKSTEEL,Manaksia Steels Limited
1386,EMAMIREAL,Emami Realty Limited
1387,GENCON,Generic Engineering Construction and Projects Limited
1388,STARPAPER,Star Paper Mills Limited
1389,GUJAPOLLO,Gujarat Apollo Industries Limited
1390,JAYSREETEA,Jayshree Tea & Industries Limited
1391,NDL,Nandan Denim Limited
1392,BCONCEPTS,Brand Concepts Limited
1393,GIRRESORTS,GIR Natureview Resorts Limited
1394,SMLT,Sarthak Metals Limited
1395,TPLPLASTEH,TPL Plastech Limited
1396,TEMBO,Tembo Global Industries Limited
1397,DANGEE,Dangee Dums Limited
1398,NIPPOBATRY,Indo-National Limited
1399,ASIANHOTNR,Asian Hotels (North) Limited
1400,BRNL,Bharat Road Network Limited
1401,PPAP,PPAP Automotive Limited
1402,PASUPTAC,Pasupati Acrylon Limited
1403,FROG,Frog Cellsat Limited
1404,ASAHISONG,Asahi Songwon Colors Limited
1405,PRECOT,Precot Limited
1406,MEP,MEP Infrastructure Developers Limited
1407,VENUSREM,Venus Remedies Limited
1408,KILITCH,Kilitch Drugs (India) Limited
1409,BTML,Bodhi Tree Multimedia Limited
1410,MEGASTAR,Megastar Foods Limited
1411,DRCSYSTEMS,DRC Systems India Limited
1412,ZODIACLOTH,Zodiac Clothing Company Limited
1413,HILTON,Hilton Metal Forging Limited
1414,INDOTHAI,Indo Thai Securities Limited
1415,JITFINFRA,JITF Infralogistics Limited
1416,EROSMEDIA,Eros International Media Limited
1417,DEVIT,Dev Information Technology Limited
1418,BIL,Bhartiya International Limited
1419,EIMCOELECO,Eimco Elecon (India) Limited
1420,ANMOL,Anmol India Limited
1421,COASTCORP,Coastal Corporation Limited
1422,RAJTV,Raj Television Network Limited
1423,KORE,Jay Jalaram Technologies Limited
1424,RELCAPITAL,Reliance Capital Limited
1425,MGEL,Mangalam Global Enterprise Limited
1426,FOCE,Foce India Limited
1427,INDTERRAIN,Indian Terrain Fashions Limited
1428,TAKE,Take Solutions Limited
1429,TOTAL,Total Transport Systems Limited
1430,ACCURACY,Accuracy Shipping Limited
1431,AVG,AVG Logistics Limited
1432,HARRMALAYA,Harrisons  Malayalam Limited
1433,SHREYANIND,Shreyans Industries Limited
1434,LOKESHMACH,Lokesh Machines Limited
1435,LGBFORGE,LGB Forge Limited
1436,SYSTANGO,Systango Technologies Limited
1437,SIGMA,Sigma Solve Limited
1438,MARALOVER,Maral Overseas Limited
1439,ABAN,Aban Offshore Limited
1440,BAFNAPH,Bafna Pharmaceuticals Limited
1441,BEDMUTHA,Bedmutha Industries Limited
1442,SIMPLEXINF,Simplex Infrastructures Limited
1443,ARIES,Aries Agro Limited
1444,DTIL,Dhunseri Tea & Industries Limited
1445,KRITINUT,Kriti Nutrients Limited
1446,IVC,IL&FS Investment Managers Limited
1447,IITL,Industrial Investment Trust Limited
1448,SWASTIK,Swastik Pipe Limited
1449,AARON,Aaron Industries Limited
1450,VITAL,Vital Chemtech Limited
1451,BEWLTD,BEW Engineering Limited
1452,NILAINFRA,Nila Infrastructures Limited
1453,INDOTECH,Indo Tech Transformers Limited
1454,PVP,PVP Ventures Limited
1455,AHLEAST,Asian Hotels (East) Limited
1456,SAH,Sah Polymers Limited
1457,TIPSFILMS,Tips Films Limited
1458,PHANTOMFX,Phantom Digital Effects Limited
1459,DUCOL,Ducol Organics And Colours Limited
1460,KANPRPLA,Kanpur Plastipack Limited
1461,VINNY,Vinny Overseas Limited
1462,MCLEODRUSS,Mcleod Russel India Limited
1463,TRF,TRF Limited
1464,ALLETEC,All E Technologies Limited
1465,MANOMAY,Manomay Tex India Limited
1466,INSPIRISYS,Inspirisys Solutions Limited
1467,AIRAN,Airan Limited
1468,MODISONLTD,MODISON LIMITED
1469,MURUDCERA,Murudeshwar Ceramics Limited
1470,TIRUPATI,Shree Tirupati Balajee FIBC Limited
1471,PAR,Par Drugs And Chemicals Limited
1472,SGIL,Synergy Green Industries Limited
1473,SPLIL,SPL Industries Limited
1474,GEEKAYWIRE,Geekay Wires Limited
1475,PALREDTEC,Palred Technologies Limited
1476,ESSARSHPNG,Essar Shipping Limited
1477,SIL,Standard Industries Limited
1478,PRITI,Priti International Limited
1479,AKSHARCHEM,AksharChem India Limited
1480,RAMANEWS,Shree Rama Newsprint Limited
1481,RUCHINFRA,Ruchi Infrastructure Limited
1482,ALANKIT,Alankit Limited
1483,MEGASOFT,Megasoft Limited
1484,IZMO,IZMO Limited
1485,GULFPETRO,GP Petroleums Limited
1486,TOUCHWOOD,Touchwood Entertainment Limited
1487,SARVESHWAR,Sarveshwar Foods Limited
1488,TARMAT,Tarmat Limited
1489,RPPL,Rajshree Polypack Limited
1490,IEL,Indiabulls Enterprises Limited
1491,BHARATGEAR,Bharat Gears Limited
1492,GOLDTECH,Goldstone Technologies Limited
1493,MBLINFRA,MBL Infrastructure Limited
1494,PROPEQUITY,P. E. Analytics Limited
1495,EMKAY,Emkay Global Financial Services Limited
1496,IL&FSENGG,IL&FS Engineering and Construction Company Limited
1497,BSL,BSL Limited
1498,UNITEDPOLY,United Polyfab Gujarat Limited
1499,PASHUPATI,Pashupati Cotspin Limited
1500,SHIVATEX,Shiva Texyarn Limited
1501,MANGALAM,Mangalam Drugs And Organics Limited
1502,KRISHNADEF,Krishna Defence and Allied Industries Limited
1503,PREMIERPOL,Premier Polyfilm Limited
1504,SMSLIFE,SMS Lifesciences India Limited
1505,GOLDSTAR,Goldstar Power Limited
1506,BROOKS,Brooks Laboratories Limited
1507,VAISHALI,Vaishali Pharma Limited
1508,ALMONDZ,Almondz Global Securities Limited
1509,3RDROCK,3rd Rock Multimedia Limited
1510,PRESSMN,Pressman Advertising Limited
1511,AARVI,Aarvi Encon Limited
1512,AKSHAR,Akshar Spintex Limited
1513,LATTEYS,Latteys Industries Limited
1514,VISESHINFO,Visesh Infotecnics Limited
1515,BHAGYANGR,Bhagyanagar India Limited
1516,TTL,T T Limited
1517,SADBHAV,Sadbhav Engineering Limited
1518,COMPUSOFT,Compucom Software Limited
1519,KAKATCEM,Kakatiya Cement Sugar & Industries Limited
1520,RPPINFRA,R.P.P. Infra Projects Limited
1521,SVLL,Shree Vasu Logistics Limited
1522,SMARTLINK,Smartlink Holdings Limited
1523,ASPINWALL,Aspinwall and Company Limited
1524,LAMBODHARA,Lambodhara Textiles Limited
1525,DJML,DJ Mediaprint & Logistics Limited
1526,TIL,TIL Limited
1527,ELGIRUBCO,Elgi Rubber Company Limited
1528,JAINAM,Jainam Ferro Alloys (I) Limited
1529,WORTH,Worth Peripherals Limited
1530,ISFT,Intrasoft Technologies Limited
1531,GINNIFILA,Ginni Filaments Limited
1532,PILITA,PIL ITALICA LIFESTYLE LIMITED
1533,SOFTTECH,Softtech Engineers Limited
1534,DUCON,Ducon Infratechnologies Limited
1535,VETO,Veto Switchgears And Cables Limited
1536,RANEENGINE,Rane Engine Valve Limited
1537,AVONMORE,Avonmore Capital & Management Services Limited
1538,KBCGLOBAL,KBC Global Limited
1539,PANSARI,Pansari Developers Limited
1540,MODIRUBBER,Modi Rubber Limited
1541,INVENTURE,Inventure Growth & Securities Limited
1542,KAPSTON,Kapston Services Limited
1543,AKSHOPTFBR,Aksh Optifibre Limited
1544,JMA,Jullundur Motor Agency (Delhi) Limited
1545,EMMBI,Emmbi Industries Limited
1546,NITCO,Nitco Limited
1547,IRIS,Iris Business Services Limited
1548,SHERA,Shera Energy Limited
1549,DRSDILIP,DRS Dilip Roadlines Limited
1550,UNITEDTEA,The United Nilgiri Tea Estates Company Limited
1551,JOCIL,Jocil Limited
1552,MANAKALUCO,Manaksia Aluminium Company Limited
1553,VIPULLTD,Vipul Limited
1554,SIKKO,Sikko Industries Limited
1555,GILLANDERS,Gillanders Arbuthnot & Company Limited
1556,SVPGLOB,SVP GLOBAL TEXTILES LIMITED
1557,VISASTEEL,Visa Steel Limited
1558,DCM,DCM  Limited
1559,INTENTECH,Intense Technologies Limited
1560,TEXMOPIPES,Texmo Pipes and Products Limited
1561,WEIZMANIND,Weizmann Limited
1562,BYKE,The Byke Hospitality Ltd
1563,RAJSREESUG,Rajshree Sugars & Chemicals Limited
1564,ZODIAC,Zodiac Energy Limited
1565,ARSHIYA,Arshiya Limited
1566,UMANGDAIRY,Umang Dairies Limited
1567,LOVABLE,Lovable Lingerie Limited
1568,HOMESFY,Homesfy Realty Limited
1569,ALPHAGEO,Alphageo (India) Limited
1570,NDGL,Naga Dhunseri Group Limited
1571,PRAXIS,Praxis Home Retail Limited
1572,ARTNIRMAN,Art Nirman Limited
1573,SHIGAN,Shigan Quantum Technologies Limited
1574,NOIDATOLL,Noida Toll Bridge Company Limited
1575,UMAEXPORTS,Uma Exports Limited
1576,VELS,Vels Film International Limited
1577,ATLANTA,Atlanta  Limited
1578,MOTOGENFIN,The Motor & General Finance Limited
1579,AVROIND,AVRO INDIA LIMITED
1580,SALONA,Salona Cotspin Limited
1581,INDIANCARD,Indian Card Clothing Company Limited
1582,SPTL,Sintex Plastics Technology Limited
1583,PRITIKAUTO,Pritika Auto Industries Limited
1584,URAVI,Uravi T and Wedge Lamps Limited
1585,IVP,IVP Limited
1586,MAHAPEXLTD,Maha Rashtra Apex Corporation Limited
1587,SOMATEX,Soma Textiles & Industries Limited
1588,LEXUS,Lexus Granito (India) Limited
1589,WANBURY,Wanbury Limited
1590,LOTUSEYE,Lotus Eye Hospital and Institute Limited
1591,KREBSBIO,Krebs Biochemicals and Industries Limited
1592,RNAVAL,Reliance Naval and Engineering Limited
1593,WSI,W S Industries (I) Limited
1594,RHFL,Reliance Home Finance Limited
1595,HDIL,Housing Development and Infrastructure Limited
1596,DCI,Dc Infotech And Communication Limited
1597,RVHL,Ravinder Heights Limited
1598,XELPMOC,Xelpmoc Design And Tech Limited
1599,RKEC,RKEC Projects Limited
1600,RELCHEMQ,Reliance Chemotex Industries Limited
1601,DIL,Debock Industries Limited
1602,ATALREAL,Atal Realtech Limited
1603,KOHINOOR,Kohinoor Foods Limited
1604,SALSTEEL,S.A.L. Steel Limited
1605,A2ZINFRA,A2Z Infra Engineering Limited
1606,TARACHAND,Tara Chand InfraLogistic Solutions Limited
1607,INDOWIND,Indowind Energy Limited
1608,BLBLIMITED,BLB Limited
1609,FRETAIL,Future Retail Limited
1610,ROML,Raj Oil Mills Limited
1611,SURANAT&P,Surana Telecom and Power Limited
1612,ALPA,Alpa Laboratories Limited
1613,SUNDRMBRAK,Sundaram Brake Linings Limited
1614,PARIN,Parin Furniture Limited
1615,NILASPACES,Nila Spaces Limited
1616,AHLADA,Ahlada Engineers Limited
1617,MAGNUM,Magnum Ventures Limited
1618,REMSONSIND,Remsons Industries Limited
1619,STARTECK,Starteck Finance Limited
1620,BOHRAIND,Bohra Industries Limited
1621,COMPINFO,Compuage Infocom Limited
1622,CORALFINAC,Coral India Finance & Housing Limited
1623,MRO-TEK,MRO-TEK Realty Limited
1624,SECURKLOUD,SECUREKLOUD TECHNOLOGIES LIMITED
1625,ZEELEARN,Zee Learn Limited
1626,SADBHIN,Sadbhav Infrastructure Project Limited
1627,BALPHARMA,Bal Pharma Limited
1628,NIRAJ,Niraj Cement Structurals Limited
1629,GSTL,Globesecure Technologies Limited
1630,OBCL,Orissa Bengal Carrier Limited
1631,TAINWALCHM,Tainwala Chemical and Plastic (I) Limited
1632,ARCHIDPLY,Archidply Industries Limited
1633,JHS,JHS Svendgaard Laboratories Limited
1634,SITINET,Siti Networks Limited
1635,MUKTAARTS,Mukta Arts Limited
1636,CMNL,Chaman Metallics Limited
1637,GAYAPROJ,Gayatri Projects Limited
1638,AKG,Akg Exim Limited
1639,FCONSUMER,Future Consumer Limited
1640,PALASHSECU,Palash Securities Limited
1641,CCHHL,Country Club Hospitality & Holidays Limited
1642,SIGIND,Signet Industries Limited
1643,AIROLAM,Airo Lam limited
1644,WELINV,Welspun Investments and Commercials Limited
1645,LEMERITE,Le Merite Exports Limited
1646,CTE,Cambridge Technology Enterprises Limited
1647,UNIVASTU,Univastu India Limited
1648,SUNDARAM,Sundaram Multi Pap Limited
1649,MANAKCOAT,Manaksia Coated Metals & Industries Limited
1650,ARVEE,Arvee Laboratories (India) Limited
1651,SECURCRED,SecUR Credentials Limited
1652,ASTRON,Astron Paper & Board Mill Limited
1653,FLFL,Future Lifestyle Fashions Limited
1654,STEELCITY,Steel City Securities Limited
1655,LLOYDS,Lloyds Luxuries Limited
1656,GANGESSECU,Ganges Securities Limited
1657,INDBANK,Indbank Merchant Banking Services Limited
1658,SUMIT,Sumit Woods Limited
1659,FIBERWEB,Fiberweb (India) Limited
1660,ALKALI,Alkali Metals Limited
1661,LASA,Lasa Supergenerics Limited
1662,JAIPURKURT,Nandani Creation Limited
1663,MHHL,Mohini Health & Hygiene Limited
1664,BAHETI,Baheti Recycling Industries Limited
1665,DGCONTENT,Digicontent Limited
1666,VMARCIND,V Marc India Limited
1667,PKTEA,The Peria Karamalai Tea & Produce Company Limited
1668,DAMODARIND,Damodar Industries Limited
1669,NECCLTD,North Eastern Carrying Corporation Limited
1670,CAPTRUST,Capital Trust Limited
1671,MITCON,MITCON Consultancy & Engineering Services Limited
1672,TIRUPATIFL,Tirupati Forge Limited
1673,IL&FSTRANS,IL&FS Transportation Networks Limited
1674,SRPL,Shree Ram Proteins Limited
1675,SURYALAXMI,Suryalakshmi Cotton Mills Limited
1676,CEREBRAINT,Cerebra Integrated Technologies Limited
1677,KSHITIJPOL,Kshitij Polyline Limited
1678,LAGNAM,Lagnam Spintex Limited
1679,ANLON,Anlon Technology Solutions Limited
1680,AMJLAND,Amj Land Holdings Limited
1681,BINANIIND,Binani Industries Limited
1682,PROLIFE,Prolife Industries Limited
1683,INCREDIBLE,INCREDIBLE INDUSTRIES LIMITED
1684,SHAHALLOYS,Shah Alloys Limited
1685,AMDIND,AMD Industries Limited
1686,OMAXAUTO,Omax Autos Limited
1687,TOKYOPLAST,Tokyo Plast International Limited
1688,GROBTEA,The Grob Tea Company Limited
1689,ANIKINDS,Anik Industries Limited
1690,SURANASOL,Surana Solar Limited
1691,FIDEL,Fidel Softech Limited
1692,MAHASTEEL,Mahamaya Steel Industries Limited
1693,AURDIS,Aurangabad Distillery Limited
1694,SIMBHALS,Simbhaoli Sugars Limited
1695,GAL,Gyscoal Alloys Limited
1696,GICL,Globe International Carriers Limited
1697,KALYANIFRG,Kalyani Forge Limited
1698,HINDCON,Hindcon Chemicals Limited
1699,CORDSCABLE,Cords Cable Industries Limited
1700,YAARI,Yaari Digital Integrated Services Limited
1701,SONAMCLOCK,Sonam Clock Limited
1702,MAHICKRA,Mahickra Chemicals Limited
1703,HPIL,Hindprakash Industries Limited
1704,LPDC,Landmark Property Development Company Limited
1705,DBSTOCKBRO,DB (International) Stock Brokers Limited
1706,AUSOMENT,Ausom Enterprise Limited
1707,BALLARPUR,Ballarpur Industries Limited
1708,AVSL,AVSL Industries Limited
1709,SPMLINFRA,SPML Infra Limited
1710,BANKA,Banka BioLoo Limited
1711,GOLDENTOBC,Golden Tobacco Limited
1712,GTL,GTL Limited
1713,ENERGYDEV,Energy Development Company Limited
1714,PANACHE,Panache Digilife Limited
1715,PIGL,Power & Instrumentation (Gujarat) Limited
1716,DELTAMAGNT,Delta Manufacturing Limited
1717,SHRADHA,Shradha Infraprojects Limited
1718,PIONEEREMB,Pioneer Embroideries Limited
1719,GLOBALVECT,Global Vectra Helicorp Limited
1720,BAGFILMS,B.A.G Films and Media Limited
1721,WIPL,The Western India Plywoods Limited
1722,NITIRAJ,Nitiraj Engineers Limited
1723,BEARDSELL,Beardsell Limited
1724,KRITIKA,Kritika Wires Limited
1725,PATINTLOG,Patel Integrated Logistics Limited
1726,SETCO,Setco Automotive Limited
1727,PRAENG,Prajay Engineers Syndicate Limited
1728,ELECTHERM,Electrotherm (India) Limited
1729,UCL,Ushanti Colour Chem Limited
1730,PRAKASHSTL,Prakash Steelage Limited
1731,CINEVISTA,Cinevista Limited
1732,SUULD,Suumaya Industries Limited
1733,FLEXITUFF,Flexituff Ventures International Limited
1734,MDL,Marvel Decor Limited
1735,HISARMETAL,Hisar Metal Industries Limited
1736,SUVIDHAA,Suvidhaa Infoserve Limited
1737,BIOFILCHEM,Biofil Chemicals & Pharmaceuticals Limited
1738,MARSHALL,Marshall Machines Limited
1739,ARIHANTACA,Arihant Academy Limited
1740,CELEBRITY,Celebrity Fashions Limited
1741,VIAZ,Viaz Tyres Limited
1742,DHRUV,Dhruv Consultancy Services Limited
1743,CENTEXT,Century Extrusions Limited
1744,DOLLEX,Dollex Agrotech Limited
1745,BHANDARI,Bhandari Hosiery Exports Limited
1746,TREJHARA,TREJHARA SOLUTIONS LIMITED
1747,FELIX,Felix Industries Limited
1748,NGIL,Nakoda Group of Industries Limited
1749,SUPREMEINF,Supreme Infrastructure India Limited
1750,AGROPHOS,Agro Phos India Limited
1751,MCL,Madhav Copper Limited
1752,OILCOUNTUB,Oil Country Tubular Limited
1753,UMA,Uma Converter Limited
1754,MORARJEE,Morarjee Textiles Limited
1755,SRIVASAVI,Srivasavi Adhesive Tapes Limited
1756,AAREYDRUGS,Aarey Drugs & Pharmaceuticals Limited
1757,AAKASH,Aakash Exploration Services Limited
1758,VASWANI,Vaswani Industries Limited
1759,KANANIIND,Kanani Industries Limited
1760,ARCHIES,Archies Limited
1761,SHIVAMILLS,Shiva Mills Limited
1762,IPSL,Integrated Personnel Services Limited
1763,TREEHOUSE,Tree House Education & Accessories Limited
1764,BDR,BDR Buildcon Limited
1765,VERTEXPLUS,Vertexplus Technologies Limited
1766,KEYFINSERV,Keynote Financial Services Limited
1767,KHFM,Khfm Hospitality And Facility Management Services Limited
1768,AROGRANITE,Aro Granite Industries Limited
1769,SEYAIND,Seya Industries Limited
1770,GIRIRAJ,Giriraj Civil Developers Limited
1771,RSSOFTWARE,R. S. Software (India) Limited
1772,ORIENTLTD,Orient Press Limited
1773,EXCEL,Excel Realty N Infra Limited
1774,RELIABLE,Reliable Data Services Limited
1775,AAATECH,AAA Technologies Limited
1776,AGRITECH,Agri-Tech (India) Limited
1777,LGHL,Laxmi Goldorna House Limited
1778,SHRENIK,Shrenik Limited
1779,ANKITMETAL,Ankit Metal & Power Limited
1780,JETFREIGHT,Jet Freight Logistics Limited
1781,VARDMNPOLY,Vardhman Polytex Limited
1782,NIRMAN,Nirman Agri Gentics Limited
1783,SHREERAMA,Shree Rama Multi-Tech Limited
1784,SIDDHIKA,Siddhika Coatings Limited
1785,BVCL,Barak Valley Cements Limited
1786,KKVAPOW,KKV Agro Powers Limited
1787,HOVS,HOV Services Limited
1788,AMBANIORG,Ambani Organics Limited
1789,FSC,Future Supply Chain Solutions Limited
1790,ABMINTLLTD,ABM International Limited
1791,SEPOWER,S.E. Power Limited
1792,BANARBEADS,Banaras Beads Limited
1793,REGENCERAM,Regency Ceramics Limited
1794,PODDARHOUS,Poddar Housing and Development Limited
1795,PENTAGOLD,Penta Gold Limited
1796,PARTYCRUS,Party Cruisers Limited
1797,SONAHISONA,Sona Hi Sona Jewellers (Gujarat) Limited
1798,MALUPAPER,Malu Paper Mills Limited
1799,MOKSH,Moksh Ornaments Limited
1800,PULZ,Pulz Electronics Limited
1801,RBMINFRA,Rbm Infracon Limited
1802,ZENITHSTL,Zenith Steel Pipes & Industries Limited
1803,NIDAN,Nidan Laboratories and Healthcare Limited
1804,SAMBHAAV,Sambhaav Media Limited
1805,UWCSL,Ultra Wiring Connectivity System Limited
1806,BANG,Bang Overseas Limited
1807,MRO,M.R. Organisation Limited
1808,MINDPOOL,Mindpool Technologies Limited
1809,TAPIFRUIT,Tapi Fruit Processing Limited
1810,ABCOTS,A B Cotspin India Limited
1811,PNC,Pritish Nandy Communications Limited
1812,SURANI,Surani Steel Tubes Limited
1813,PRECISION,Precision Metaliks Limited
1814,TIMESGTY,Times Guaranty Limited
1815,MANUGRAPH,Manugraph India Limited
1816,ZENITHEXPO,Zenith Exports Limited
1817,AARVEEDEN,Aarvee Denims & Exports Limited
1818,SOMICONVEY,Somi Conveyor Beltings Limited
1819,DKEGL,D.K. Enterprises Global Limited
1820,ARHAM,Arham Technologies Limited
1821,TIMESCAN,Timescan Logistics (India) Limited
1822,SGL,STL Global Limited
1823,WEWIN,WE WIN LIMITED
1824,CMRSL,Cyber Media Research & Services Limited
1825,SONUINFRA,Sonu Infratech Limited
1826,VIVIANA,Viviana Power Tech Limited
1827,AKASH,Akash Infra-Projects Limited
1828,INDSWFTLTD,Ind-Swift Limited
1829,KARMAENG,Karma Energy Limited
1830,NAGREEKEXP,Nagreeka Exports Limited
1831,BURNPUR,Burnpur Cement Limited
1832,NIBL,NRB Industrial Bearings Limited
1833,CUBEXTUB,Cubex Tubings Limited
1834,AISL,ANI Integrated Services Limited
1835,SHAIVAL,Shaival Reality Limited
1836,VINEETLAB,Vineet Laboratories Limited
1837,ARISTO,Aristo Bio-Tech And Lifescience Limited
1838,TERASOFT,Tera Software Limited
1839,CROWN,Crown Lifters Limited
1840,JFLLIFE,Jfl Life Sciences Limited
1841,GLOBE,Globe Textiles (India) Limited
1842,3PLAND,3P Land Holdings Limited
1843,VERA,Vera Synthetic Limited
1844,MILTON,Milton Industries Limited
1845,ADROITINFO,Adroit Infotech Limited
1846,SHUBHLAXMI,Shubhlaxmi Jewel Art Limited
1847,AGNI,Agni Green Power Limited
1848,LFIC,Lakshmi Finance & Industrial Corporation Limited
1849,VSCL,Vadivarhe Speciality Chemicals Limited
1850,MADHAV,Madhav Marbles and Granites Limited
1851,UJAAS,Ujaas Energy Limited
1852,SUPERSPIN,Super Spinning Mills Limited
1853,RKDL,Ravi Kumar Distilleries Limited
1854,AMBICAAGAR,Ambica Agarbathies & Aroma industries Limited
1855,ACEINTEG,Ace Integrated Solutions Limited
1856,OMFURN,Omfurn India Limited
1857,SWARAJ,Swaraj Suiting Limited
1858,AJOONI,Ajooni Biotech Limited
1859,KHANDSE,Khandwala Securities Limited
1860,SAGARDEEP,Sagardeep Alloys Limited
1861,REXPIPES,Rex Pipes And Cables Industries Limited
1862,ADL,Archidply Decor Limited
1863,MCON,Mcon Rasayan India Limited
1864,CADSYS,Cadsys (India) Limited
1865,HBSL,HB Stockholdings Limited
1866,SANGINITA,Sanginita Chemicals Limited
1867,GANGAFORGE,Ganga Forging Limited
1868,ABINFRA,A B Infrabuild Limited
1869,PERFECT,Perfect Infraengineers Limited
1870,NARMADA,Narmada Agrobase Limited
1871,RMDRIP,R M Drip and Sprinklers Systems Limited
1872,NAGREEKCAP,Nagreeka Capital & Infrastructure Limited
1873,LAXMICOT,Laxmi Cotspin Limited
1874,PEARLPOLY,Pearl Polymers Limited
1875,HECPROJECT,HEC Infra Projects Limited
1876,SANWARIA,Sanwaria Consumer Limited
1877,MEGAFLEX,Mega Flex Plastics Limited
1878,GISOLUTION,GI Engineering Solutions Limited
1879,PARASPETRO,Paras Petrofils Limited
1880,RITEZONE,Rite Zone Chemcon India Limited
1881,HEADSUP,Heads UP Ventures Limited
1882,VCL,Vaxtex Cotfab Limited
1883,PRITIKA,Pritika Engineering Components Limited
1884,KEEPLEARN,DSJ Keep Learning Limited
1885,COUNCODOS,Country Condo's Limited
1886,ROLTA,Rolta India Limited
1887,DHARSUGAR,Dharani Sugars & Chemicals Limited
1888,ASLIND,ASL Industries Limited
1889,AGARWALFT,Agarwal Float Glass India Limited
1890,NEXTMEDIA,Next Mediaworks Limited
1891,RICHA,Richa Info Systems Limited
1892,DNAMEDIA,Diligent Media Corporation Limited
1893,AMEYA,Ameya Precision Engineers Limited
1894,DYNAMIC,Dynamic Services & Security Limited
1895,LIBAS,Libas Consumer Products Limited
1896,JETKNIT,Jet Knitwears Limited
1897,BALKRISHNA,Balkrishna Paper Mills Limited
1898,MTEDUCARE,MT Educare Limited
1899,GODHA,Godha Cabcon & Insulation Limited
1900,GOENKA,Goenka Diamond and Jewels Limited
1901,HAVISHA,Sri Havisha Hospitality and Infrastructure Limited
1902,QUADPRO,Quadpro Ites Limited
1903,QFIL,Quality Foils (India) Limited
1904,MADHUCON,Madhucon Projects Limited
1905,ROLLT,Rollatainers Limited
1906,CYBERMEDIA,Cyber Media (India) Limited
1907,JAKHARIA,JAKHARIA FABRIC LIMITED
1908,VEEKAYEM,Veekayem Fashion and Apparels Limited
1909,TGBHOTELS,TGB Banquets And Hotels Limited
1910,VIVIDHA,Visagar Polytex Limited
1911,FMNL,Future Market Networks Limited
1912,WALPAR,Walpar Nutritions Limited
1913,DESTINY,Destiny Logistics & Infra Limited
1914,SUMEETINDS,Sumeet Industries Limited
1915,ICDSLTD,ICDS Limited
1916,LRRPL,Lead Reclaim And Rubber Products Limited
1917,MPTODAY,Madhya Pradesh Today Media Limited
1918,21STCENMGM,21st Century Management Services Limited
1919,HYBRIDFIN,Hybrid Financial Services Limited
1920,SABAR,Sabar Flex India Limited
1921,TFL,Transwarranty Finance Limited
1922,IMPEXFERRO,Impex Ferro Tech Limited
1923,INFOMEDIA,Infomedia Press Limited
1924,NKIND,NK Industries Limited
1925,SHANTI,Shanti Overseas (India) Limited
1926,GRCL,Gayatri Rubbers And Chemicals Limited
1927,FEL,Future Enterprises Limited
1928,THOMASCOTT,Thomas Scott (India) Limited
1929,KHAITANLTD,Khaitan (India) Limited
1930,WILLAMAGOR,Williamson Magor & Company Limited
1931,LCCINFOTEC,LCC Infotech Limited
1932,UNIINFO,Uniinfo Telecom Services Limited
1933,ASMS,Bartronics India Limited
1934,VIVO,Vivo Collaboration Solutions Limited
1935,GAYAHWS,Gayatri Highways Limited
1936,CALSOFT,California Software Company Limited
1937,MOXSH,Moxsh Overseas Educon Limited
1938,ORIENTALTL,Oriental Trimex Limited
1939,ONELIFECAP,Onelife Capital Advisors Limited
1940,VIJIFIN,Viji Finance Limited
1941,DIGJAMLMTD,Digjam Limited
1942,KRIDHANINF,Kridhan Infra Limited
1943,SILLYMONKS,Silly Monks Entertainment Limited
1944,MAKS,Maks Energy Solutions India Limited
1945,TANTIACONS,Tantia Constructions Limited
1946,SUPREMEENG,Supreme Engineering Limited
1947,SILGO,Silgo Retail Limited
1948,MOHITIND,Mohit Industries Limited
1949,EDUCOMP,Educomp Solutions Limited
1950,EASTSILK,Eastern Silk Industries Limited
1951,KANDARP,Kandarp Digi Smart BPO Limited
1952,CMICABLES,CMI Limited
1953,NATNLSTEEL,National Steel And Agro Industries Limited
1954,MITTAL,Mittal Life Style Limited
1955,SPRL,Sp Refractories Limited
1956,ORTINLAB,Ortin Laboratories Limited
1957,BRIGHT,Bright Solar Limited
1958,KAUSHALYA,Kaushalya Infrastructure Development Corporation Limited
1959,GUJRAFFIA,Gujarat Raffia Industries Limited
1960,MASKINVEST,Mask Investments Limited
1961,ISHAN,Ishan International Limited
1962,CONTI,Continental Seeds and Chemicals Limited
1963,AMIABLE,Amiable Logistics (India) Limited
1964,AILIMITED,Abhishek Integrations Limited
1965,EUROTEXIND,Eurotex Industries and Exports Limited
1966,TIJARIA,Tijaria Polypipes Limited
1967,TNTELE,Tamilnadu Telecommunication Limited
1968,KALYANI,Kalyani Commercials Limited
1969,SETUINFRA,Setubandhan Infrastructure Limited
1970,GRETEX,Gretex Industries Limited
1971,LYPSAGEMS,Lypsa Gems & Jewellery Limited
1972,METALFORGE,Metalyst Forgings Limited
1973,SSINFRA,S.S. Infrastructure Development Consultants Limited
1974,SMVD,SMVD Poly Pack Limited
1975,RMCL,Radha Madhav Corporation Limited
1976,JALAN,Jalan Transolutions (India) Limited
1977,SANCO,Sanco Industries Limited
1978,VASA,Vasa Retail and Overseas Ltd
1979,KAVVERITEL,Kavveri Telecom Products Limited
1980,TECHIN,Techindia Nirman Limited
1981,NORBTEAEXP,Norben Tea & Exports Limited
1982,KCK,Kck Industries Limited
1983,SPENTEX,Spentex Industries Limited
1984,CREATIVEYE,Creative Eye Limited
1985,ANTGRAPHIC,Antarctica Limited
1986,TVVISION,TV Vision Limited
1987,ABNINT,A B N Intercorp Limited
1988,ARENTERP,Rajdarshan Industries Limited
1989,UMESLTD,Usha Martin Education & Solutions Limited
1990,SHYAMTEL,Shyam Telecom Limited
1991,MANAV,Manav Infra Projects Limited
1992,ACCORD,Accord Synergy Limited
1993,DRL,Dhanuka Realty Limited
1994,GLFL,Gujarat Lease Financing Limited
1995,CMMIPL,CMM Infraprojects Limited
1996,NIRAJISPAT,Niraj Ispat Industries Limited
1997,DCMFINSERV,DCM Financial Services Limited
1998,SRIRAM,Shri Ram Switchgears Limited
1999,PREMIER,Premier Limited
2000,SKSTEXTILE,SKS Textiles Limited
2001,SABTN,Sri Adhikari Brothers Television Network Limited
2002,TARAPUR,Tarapur Transformers Limited
2003,BKMINDST,Bkm Industries Limited
2004,ALPSINDUS,Alps Industries Limited
2005,AHIMSA,Ahimsa Industries Limited
2006,BHALCHANDR,Bhalchandram Clothing Limited
2007,INNOVATIVE,Innovative Tyres and Tubes Limited
2008,LAKPRE,Lakshmi Precision Screws Limited
2009,TRANSWIND,Transwind Infrastructures Limited
2010,MELSTAR,Melstar Information Technologies Limited
2011,SABEVENTS,Sab Events & Governance Now Media Limited
2012,INDLMETER,IMP Powers Limited
2013,TECILCHEM,TECIL Chemicals and Hydro Power Limited
2014,ABHISHEK,Abhishek Corporation Limited
2015,AHLWEST,Asian Hotels (West) Limited
2016,AIFL,Ashapura Intimates Fashion Limited
2017,AJRINFRA,AJR Infra And Tolling Limited
2018,ALCHEM,Alchemist Limited
2019,AMJUMBO,A And M Jumbo Bags Limited
2020,ANDHRACEMT,Andhra Cements Limited
2021,ANSALAPI,Ansal Properties & Infrastructure Limited
2022,ARCOTECH,Arcotech Limited
2023,ARSSINFRA,Arss Infrastructure Projects Limited
2024,ARTEDZ,Artedz Fabs Limited
2025,ASIL,Amit Spinning Industries Limited
2026,ATCOM,Atcom Technologies Limited
2027,ATLASCYCLE,Atlas Cycles (Haryana) Limited
2028,ATNINTER,ATN International Limited
2029,AUTOLITIND,Autolite (India) Limited
2030,AUTORIDFIN,Autoriders Finance Limited
2031,BANSAL,Bansal Multiflex Limited
2032,BGLOBAL,Bharatiya Global Infomedia Limited
2033,BHARATIDIL,Bharati Defence and Infrastructure Limited
2034,BILENERGY,Bil Energy Systems Limited
2035,BIRLATYRE,Birla Tyres Limited
2036,BLUEBLENDS,Blue Blends (I) Limited
2037,BLUECHIP,Blue Chip India Limited
2038,BLUECOAST,Blue Coast Hotels Limited
2039,BRFL,Bombay Rayon Fashions Limited
2040,CANDC,C & C Constructions Limited
2041,CCCL,Consolidated Construction Consortium Limited
2042,CELESTIAL,Celestial Biolabs Limited
2043,CKFSL,Cox & Kings Financial Service Limited
2044,DFMFOODS,DFM Foods Limited
2045,DIAPOWER,Diamond Power Infra Ltd
2046,DOLPHINOFF,Dolphin Offshore Enterprises (India) Limited
2047,DQE,DQ Entertainment (International) Limited
2048,DSKULKARNI,DS Kulkarni Developers Limited
2049,EASTSUGIND,Eastern Sug & Inds Limited
2050,EASUNREYRL,Easun Reyrolle Limited
2051,EMCO,Emco Limited
2052,EON,Eon Electric Limited
2053,EUROCERA,Euro Ceramics Limited
2054,EUROMULTI,Euro Multivision Limited
2055,FEDDERELEC,Fedders Electric and Engineering Limited
2056,FIVECORE,Five Core Electronics Limited
2057,GAMMONIND,Gammon India Limited
2058,GANGOTRI,Gangotri Textiles Limited
2059,GBGLOBAL,GB Global Limited
2060,GFSTEELS,Grand Foundry Limited
2061,GITANJALI,Gitanjali Gems Limited
2062,HINDNATGLS,Hindusthan National Glass & Industries Limited
2063,ICSA,ICSA (India) Limited
2064,INDOSOLAR,Indosolar Limited
2065,IVRCLINFRA,IVRCL Limited
2066,JAINSTUDIO,Jain Studios Limited
2067,JBFIND,JBF Industries Limited
2068,JIKIND,JIK Industries Limited
2069,JINDCOT,Jindal Cotex Limited
2070,JMTAUTOLTD,JMT Auto Limited
2071,JPINFRATEC,Jaypee Infratech Limited
2072,KEERTI,Keerti Knowledge And Skills Limited
2073,KGL,Karuturi Global Limited
2074,KSERASERA,KSS Limited
2075,KSK,KSK Energy Ventures Limited
2076,LAKSHMIEFL,Lakshmi Energy and Foods Limited
2077,LEEL,LEEL Electricals Limited
2078,MANPASAND,Manpasand Beverages Limited
2079,MBECL,Mcnally Bharat Engineering Company Limited
2080,MCDHOLDING,McDowell Holdings Limited
2081,MERCATOR,Mercator Limited
2082,METKORE,Metkore Alloys & Industries Limited
2083,MODTHREAD,Modern Thread Limited
2084,MOHOTAIND,Mohota Industries Limited
2085,MVL,MVL Limited
2086,NAKODA,Nakoda Limited
2087,NITINFIRE,Nitin Fire Protection Industries Limited
2088,NTL,Neueon Towers Limited
2089,NUTEK,Nu Tek India Limited
2090,OISL,OCL Iron and Steel Limited
2091,OMKARCHEM,Omkar Speciality Chemicals Limited
2092,OPAL,Opal Luxury Time Products Limited
2093,OPTOCIRCUI,Opto Circuits (India) Limited
2094,ORTEL,Ortel Communications Limited
2095,PDPL,Parenteral Drugs (India) Limited
2096,PINCON,Pincon Spirit Limited
2097,PRATIBHA,Pratibha Industries Limited
2098,PRUDMOULI,Prudential Sugar Corporation Limited
2099,PSL,PSL Limited
2100,PUNJLLOYD,Punj Lloyd Limited
2101,QUINTEGRA,Quintegra Solutions Limited
2102,RADAAN,Radaan Mediaworks India Limited
2103,RAINBOWPAP,Rainbow Papers Limited
2104,RAJVIR,Rajvir Industries Limited
2105,RMMIL,Resurgere Mines & Minerals Limited
2106,RUSHABEAR,Rushabh Precision Bearings Limited
2107,S&SPOWER,S&S Power Switchgears Limited
2108,SATHAISPAT,Sathavahana Ispat Limited
2109,SBIHOMEFIN,SBI Home Finance Limited
2110,SHARONBIO,Sharon Bio-Medicine Limited
2111,SHIRPUR-G,Shirpur Gold Refinery Limited
2112,SICAL,Sical Logistics Limited
2113,SIIL,Supreme (India) Impex Limited
2114,SKIL,Skil Infrastructure Limited
2115,SONISOYA,Soni Soya Products Limited
2116,SPYL,Shekhawati Poly-Yarn Limited
2117,SREINFRA,SREI Infrastructure Finance Limited
2118,STAMPEDE,Stampede Capital Limited
2119,TALWALKARS,Talwalkars Better Value Fitness Limited
2120,TALWGYM,Talwalkars Healthclubs Limited
2121,TCIFINANCE,TCI Finance Limited
2122,TECHNOFAB,Technofab Engineering Limited
2123,THIRUSUGAR,Thiru Arooran Sugars Limited
2124,TULSI,Tulsi Extrusions Limited
2125,UNIPLY,Uniply Industries Limited
2126,UNITY,Unity Infraprojects Limited
2127,UNIVAFOODS,Univa Foods Limited
2128,USK,Udayshivakumar Infra Limited
2129,VALECHAENG,Valecha Engineering Limited
2130,VALUEIND,Value Industries Limited
2131,VICEROY,Viceroy Hotels Limited
2132,VIDEOIND,Videocon Industries Limited
2133,VIKASPROP,Vikas Proppant & Granite Limited
2134,VISUINTL,Visu International Limited
2135,VIVIMEDLAB,Vivimed Labs Limited
2136,WINSOME,Winsome Yarns Limited
2137,ZICOM,Zicom Electronic Security Systems Limited
